<?xml version="1.0" standalone="no"?>
<jitlog>
<compile hotness="warm" method="/home/vm/host/wasmjit-omr/src/aot/aot-function-builder.cc:153:func_0">

=======>/home/vm/host/wasmjit-omr/src/aot/aot-function-builder.cc:153:func_0
<ilgen
	method="/home/vm/host/wasmjit-omr/src/aot/aot-function-builder.cc:153:func_0">
   <request> {( 0x7ffd28f5f380 )} </request>
Inside injectIL()
original entry 0x56543da08dc0
original exit 0x56543da08cd0
	Entry = 0x56543da08dc0
	Exit  = 0x56543da08cd0
IlBuilder[ 0x56543d9e29b0 ]::0 is NullAddress
IlBuilder[ 0x56543d9e29b0 ]::Store _StackBase_1 1 (419) gets 0
IlBuilder[ 0x56543d9e29b0 ]::AppendBuilder 0x56543da09a50
IlBuilder[ 0x56543da09a50 ]::1 is ConstInt32 6
IlBuilder [ 0x56543da09a50 ]::2 is issueOp(Int64) 1
IlBuilder[ 0x56543da09a50 ]::2 is BitcastTo(Int64) 1
IlBuilder[ 0x56543da09a50 ]:: fallThrough successor [ 0x56543da0a210 ]
IlBuilder[ 0x56543da09a50 ]::Goto 0x56543da0a210
IlBuilder [ 0x56543da0a210 ]::3 is issueOp(Int32) 2
IlBuilder[ 0x56543da0a210 ]::3 is BitcastTo(Int32) 2
IlBuilder[ 0x56543da0a210 ]::Call func_1
IlBuilder[ 0x56543da0a210 ]::4 is ConvertTo(Int64) 3
IlBuilder [ 0x56543da0a210 ]::6 is issueOp(Int64) 5
IlBuilder[ 0x56543da0a210 ]::6 is BitcastTo(Int64) 5
IlBuilder[ 0x56543da0a210 ]:: fallThrough successor [ 0x56543da0aed0 ]
IlBuilder[ 0x56543da0a210 ]::Goto 0x56543da0aed0
IlBuilder[ 0x56543da0aed0 ]:: fallThrough successor [ 0x56543da0b510 ]
IlBuilder[ 0x56543da0aed0 ]::Goto 0x56543da0b510
IlBuilder[ 0x56543da0b510 ]::Return
buildIL() returned 1
[ 0x56543d9e29b0 ] TR::MethodBuilder::connectTrees entry
[ 0x56543d9e29b0 ] TR::MethodBuilder::countBlocks 0 at entry
[ 0x56543d9e29b0 ] TR::IlBuilder::countBlocks 0 at entry
[ 0x56543da09a50 ] TR::BytecodeBuilder::countBlocks 0
[ 0x56543da09a50 ] TR::IlBuilder::countBlocks 0 at entry
[ 0x56543da09a50 ] TR::IlBuilder::countBlocks 3
[ 0x56543d9e29b0 ] TR::MethodBuilder::addToBlockCountingWorklist 0x56543da0a210
[ 0x56543da09a50 ] TR::BytecodeBuilder::countBlocks 3
[ 0x56543d9e29b0 ] TR::IlBuilder::countBlocks 5
[ 0x56543d9e29b0 ] TR::MethodBuilder::countBlocks 5 before worklist
[ 0x56543d9e29b0 ] TR::MethodBuilder::countBlocks iterating over worklist
[ 0x56543d9e29b0 ] TR::MethodBuilder::countBlocks visiting [ 0x56543da0a210 ]
[ 0x56543da0a210 ] TR::BytecodeBuilder::countBlocks 0
[ 0x56543da0a210 ] TR::IlBuilder::countBlocks 0 at entry
[ 0x56543da0a210 ] TR::IlBuilder::countBlocks 3
[ 0x56543d9e29b0 ] TR::MethodBuilder::addToBlockCountingWorklist 0x56543da0aed0
[ 0x56543da0a210 ] TR::BytecodeBuilder::countBlocks 3
[ 0x56543d9e29b0 ] numBlocks is 8
[ 0x56543d9e29b0 ] TR::MethodBuilder::countBlocks visiting [ 0x56543da0aed0 ]
[ 0x56543da0aed0 ] TR::BytecodeBuilder::countBlocks 0
[ 0x56543da0aed0 ] TR::IlBuilder::countBlocks 0 at entry
[ 0x56543da0aed0 ] TR::IlBuilder::countBlocks 3
[ 0x56543d9e29b0 ] TR::MethodBuilder::addToBlockCountingWorklist 0x56543da0b510
[ 0x56543da0aed0 ] TR::BytecodeBuilder::countBlocks 3
[ 0x56543d9e29b0 ] numBlocks is 11
[ 0x56543d9e29b0 ] TR::MethodBuilder::countBlocks visiting [ 0x56543da0b510 ]
[ 0x56543da0b510 ] TR::BytecodeBuilder::countBlocks 0
[ 0x56543da0b510 ] TR::IlBuilder::countBlocks 0 at entry
[ 0x56543da0b510 ] TR::IlBuilder::countBlocks 2
[ 0x56543da0b510 ] TR::BytecodeBuilder::countBlocks 2
[ 0x56543d9e29b0 ] numBlocks is 13
[ 0x56543d9e29b0 ] TR::MethodBuilder::connectTrees total blocks 13
[ 0x56543d9e29b0 ] TR::IlBuilder::connectTrees():
[ 0x56543d9e29b0 ] Total 13 blocks
[ 0x56543d9e29b0 ] Allocated _blocks 0x56543da0bc10
[ 0x56543d9e29b0 ] Connecting trees one entry at a time:
[ 0x56543d9e29b0 ] currentBlock = 0
[ 0x56543d9e29b0 ] lastTree = (nil)
[ 0x56543d9e29b0 ] Block entry 0x56543da08f10 becomes block B0
[ 0x56543d9e29b0 ] Block 0x56543da08f10
n1n       BBStart <block_2>                                                                   [0x56543d9e9c00] bci=[-1,0,-] rc=0 vc=0 vn=- li=- udi=- nc=0
n4n       treetop                                                                             [0x56543d9e9cc0] bci=[-1,0,-] rc=0 vc=0 vn=- li=- udi=- nc=1
n3n         aconst NULL                                                                       [0x56543d9e9c80] bci=[-1,0,-] rc=2 vc=0 vn=- li=- udi=- nc=0
n5n       astore  _StackBase_1<auto slot 1>[#419  _StackBase_1] [flags 0x10007 0x0 ]          [0x56543d9e9d00] bci=[-1,0,-] rc=0 vc=0 vn=- li=- udi=- nc=1
n3n         ==>aconst NULL
n2n       BBEnd </block_2>                                                                    [0x56543d9e9c40] bci=[-1,0,-] rc=0 vc=0 vn=- li=- udi=- nc=0
[ 0x56543d9e29b0 ] First tree is 0x56543da08ed8 [ node 0x56543d9e9c00 ]
[ 0x56543d9e29b0 ] Last tree will be 0x56543da08ef8 [ node 0x56543d9e9c40 ]
[ 0x56543d9e29b0 ] currentBlock = 1
[ 0x56543d9e29b0 ] lastTree = 0x56543da08ef8

[ 0x56543d9e29b0 ] Calling connectTrees on inner builder 0x56543da09a50
[ 0x56543da09a50 ] TR::BytecodeBuilder::connectTrees
[ 0x56543da09a50 ] TR::IlBuilder::connectTrees():
[ 0x56543da09a50 ] Total 3 blocks
[ 0x56543da09a50 ] Allocated _blocks 0x56543da0be00
[ 0x56543da09a50 ] Connecting trees one entry at a time:
[ 0x56543da09a50 ] currentBlock = 0
[ 0x56543da09a50 ] lastTree = (nil)
[ 0x56543da09a50 ] Block entry 0x56543da09c40 becomes block B0
[ 0x56543da09a50 ] Block 0x56543da09c40
n6n       BBStart <block_3>                                                                   [0x56543d9e9d40] bci=[-1,0,-] rc=0 vc=0 vn=- li=- udi=- nc=0
n13n      treetop                                                                             [0x56543d9e9f00] bci=[-1,0,-] rc=0 vc=0 vn=- li=- udi=- nc=1
n12n        iconst 6                                                                          [0x56543d9e9ec0] bci=[-1,0,-] rc=2 vc=0 vn=- li=- udi=- nc=0
n23n      lstore  <temp slot 2>[#420  _T2] [flags 0x10004 0x0 ]                               [0x56543d9ea180] bci=[-1,0,-] rc=0 vc=0 vn=- li=- udi=- nc=1
n14n        i2l                                                                               [0x56543d9e9f40] bci=[-1,0,-] rc=1 vc=0 vn=- li=- udi=- nc=1
n12n          ==>iconst 6
n20n      goto --> block_6 BBStart at n16n                                                    [0x56543d9ea0c0] bci=[-1,0,-] rc=0 vc=0 vn=- li=- udi=- nc=0
n7n       BBEnd </block_3>                                                                    [0x56543d9e9d80] bci=[-1,0,-] rc=0 vc=0 vn=- li=- udi=- nc=0
[ 0x56543da09a50 ] First tree is 0x56543da09c08 [ node 0x56543d9e9d40 ]
[ 0x56543da09a50 ] Last tree will be 0x56543da09c28 [ node 0x56543d9e9d80 ]
[ 0x56543da09a50 ] currentBlock = 1
[ 0x56543da09a50 ] lastTree = 0x56543da09c28
[ 0x56543da09a50 ] Block entry 0x56543da0a740 becomes block B1
[ 0x56543da09a50 ] Block 0x56543da0a740
n21n      BBStart <block_8>                                                                   [0x56543d9ea100] bci=[-1,0,-] rc=0 vc=0 vn=- li=- udi=- nc=0
n22n      BBEnd </block_8>                                                                    [0x56543d9ea140] bci=[-1,0,-] rc=0 vc=0 vn=- li=- udi=- nc=0
[ 0x56543da09a50 ] First tree is 0x56543da0a708 [ node 0x56543d9ea100 ]
[ 0x56543da09a50 ] Last tree will be 0x56543da0a728 [ node 0x56543d9ea140 ]
[ 0x56543da09a50 ] Connecting tree 0x56543da09c28 [ node 0x56543d9e9d80 ] to new tree 0x56543da0a708 [ node 0x56543d9ea100 ]
[ 0x56543da09a50 ] Connecting last tree 0x56543da0a728 [ node 0x56543d9ea140 ] to exit block entry 0x56543da09d58 [ node 0x56543d9e9dc0 ]
[ 0x56543da09a50 ] exit block 4 is 0x56543da09d58 (0x56543da09d78 -> 0x56543d9d9c50)
[ 0x56543da09a50 ] last tree 0x56543da09d78 [ node 0x56543d9e9e00 ]
[ 0x56543da09a50 ] blocks[2] exit tree is 0x56543da09d78
[ 0x56543d9e29b0 ] TR::MethodBuilder::addToTreeConnectingWorklist 0x56543da0a210

[ 0x56543d9e29b0 ] Returned from connectTrees on 0x56543da09a50
[ 0x56543d9e29b0 ] copying inner block B0 to B1
[ 0x56543d9e29b0 ] Block 0x56543da09c40
n6n       ==>BBStart
n13n      ==>treetop
n23n      ==>lstore
n20n      ==>goto
n7n       ==>BBEnd
[ 0x56543d9e29b0 ] copying inner block B1 to B2
[ 0x56543d9e29b0 ] Block 0x56543da0a740

n21n      ==>BBStart
n22n      ==>BBEnd
[ 0x56543d9e29b0 ] copying inner block B2 to B3
[ 0x56543d9e29b0 ] Block 0x56543da09d90

n8n       BBStart <block_4>                                                                   [0x56543d9e9dc0] bci=[-1,0,-] rc=0 vc=0 vn=- li=- udi=- nc=0
n9n       BBEnd </block_4>                                                                    [0x56543d9e9e00] bci=[-1,0,-] rc=0 vc=0 vn=- li=- udi=- nc=0
[ 0x56543d9e29b0 ] First tree is 0x56543da09c08 [ node 0x56543d9e9d40 ]
[ 0x56543d9e29b0 ] Last tree will be 0x56543da09d78 [ node 0x56543d9e9e00 ]
[ 0x56543d9e29b0 ] Connecting tree 0x56543da08ef8 [ node 0x56543d9e9c40 ] to new tree 0x56543da09c08 [ node 0x56543d9e9d40 ]
[ 0x56543d9e29b0 ] currentBlock = 4
[ 0x56543d9e29b0 ] lastTree = 0x56543da09d78
[ 0x56543d9e29b0 ] Block entry 0x56543da09f30 becomes block B4
[ 0x56543d9e29b0 ] Block 0x56543da09f30
n10n      BBStart <block_5>                                                                   [0x56543d9e9e40] bci=[-1,0,-] rc=0 vc=0 vn=- li=- udi=- nc=0
n11n      BBEnd </block_5>                                                                    [0x56543d9e9e80] bci=[-1,0,-] rc=0 vc=0 vn=- li=- udi=- nc=0
[ 0x56543d9e29b0 ] First tree is 0x56543da09ef8 [ node 0x56543d9e9e40 ]
[ 0x56543d9e29b0 ] Last tree will be 0x56543da09f18 [ node 0x56543d9e9e80 ]
[ 0x56543d9e29b0 ] Connecting tree 0x56543da09d78 [ node 0x56543d9e9e00 ] to new tree 0x56543da09ef8 [ node 0x56543d9e9e40 ]
[ 0x56543d9e29b0 ] last tree 0x56543da09f18 [ node 0x56543d9e9e80 ]
[ 0x56543d9e29b0 ] blocks[4] exit tree is 0x56543da09f18
[ 0x56543d9e29b0 ] connectTrees visiting next builder from worklist [ 0x56543da0a210 ]

[ 0x56543d9e29b0 ] Calling connectTrees on inner builder 0x56543da0a210
[ 0x56543da0a210 ] TR::BytecodeBuilder::connectTrees
[ 0x56543da0a210 ] TR::IlBuilder::connectTrees():
[ 0x56543da0a210 ] Total 3 blocks
[ 0x56543da0a210 ] Allocated _blocks 0x56543da0c120
[ 0x56543da0a210 ] Connecting trees one entry at a time:
[ 0x56543da0a210 ] currentBlock = 0
[ 0x56543da0a210 ] lastTree = (nil)
[ 0x56543da0a210 ] Block entry 0x56543da0a3f0 becomes block B0
[ 0x56543da0a210 ] Block 0x56543da0a3f0
n16n      BBStart <block_6>                                                                   [0x56543d9e9fc0] bci=[-1,1,-] rc=0 vc=0 vn=- li=- udi=- nc=0
n26n      treetop                                                                             [0x56543d9ea240] bci=[-1,0,-] rc=0 vc=0 vn=- li=- udi=- nc=1
n25n        l2i                                                                               [0x56543d9ea200] bci=[-1,0,-] rc=2 vc=0 vn=- li=- udi=- nc=1
n24n          lload  <temp slot 2>[#420  _T2] [flags 0x10004 0x0 ]                            [0x56543d9ea1c0] bci=[-1,0,-] rc=1 vc=0 vn=- li=- udi=- nc=0
n29n      treetop                                                                             [0x56543d9ea300] bci=[-1,0,-] rc=0 vc=0 vn=- li=- udi=- nc=1
n28n        i2l                                                                               [0x56543d9ea2c0] bci=[-1,0,-] rc=2 vc=0 vn=- li=- udi=- nc=1
n25n          ==>l2i
n30n      treetop                                                                             [0x56543d9ea340] bci=[-1,0,-] rc=0 vc=0 vn=- li=- udi=- nc=1
n27n        icall  /home/vm/host/wasmjit-omr/src/aot/aot-function-builder.cc:0:func_1[#422  static Method] [flags 0x500 0x0 ]  [0x56543d9ea280] bci=[-1,0,-] rc=3 vc=0 vn=- li=- udi=- nc=1
n28n          ==>i2l
n31n      treetop                                                                             [0x56543d9ea380] bci=[-1,0,-] rc=0 vc=0 vn=- li=- udi=- nc=1
n27n        ==>icall
n33n      treetop                                                                             [0x56543d9ea400] bci=[-1,0,-] rc=0 vc=0 vn=- li=- udi=- nc=1
n32n        i2l                                                                               [0x56543d9ea3c0] bci=[-1,0,-] rc=1 vc=0 vn=- li=- udi=- nc=1
n27n          ==>icall
n38n      goto --> block_9 BBStart at n34n                                                    [0x56543d9ea540] bci=[-1,0,-] rc=0 vc=0 vn=- li=- udi=- nc=0
n17n      BBEnd </block_6>                                                                    [0x56543d9ea000] bci=[-1,0,-] rc=0 vc=0 vn=- li=- udi=- nc=0
[ 0x56543da0a210 ] First tree is 0x56543da0a3b8 [ node 0x56543d9e9fc0 ]
[ 0x56543da0a210 ] Last tree will be 0x56543da0a3d8 [ node 0x56543d9ea000 ]
[ 0x56543da0a210 ] currentBlock = 1
[ 0x56543da0a210 ] lastTree = 0x56543da0a3d8
[ 0x56543da0a210 ] Block entry 0x56543da0b400 becomes block B1
[ 0x56543da0a210 ] Block 0x56543da0b400
n39n      BBStart <block_11>                                                                  [0x56543d9ea580] bci=[-1,1,-] rc=0 vc=0 vn=- li=- udi=- nc=0
n40n      BBEnd </block_11>                                                                   [0x56543d9ea5c0] bci=[-1,0,-] rc=0 vc=0 vn=- li=- udi=- nc=0
[ 0x56543da0a210 ] First tree is 0x56543da0b3c8 [ node 0x56543d9ea580 ]
[ 0x56543da0a210 ] Last tree will be 0x56543da0b3e8 [ node 0x56543d9ea5c0 ]
[ 0x56543da0a210 ] Connecting tree 0x56543da0a3d8 [ node 0x56543d9ea000 ] to new tree 0x56543da0b3c8 [ node 0x56543d9ea580 ]
[ 0x56543da0a210 ] Connecting last tree 0x56543da0b3e8 [ node 0x56543d9ea5c0 ] to exit block entry 0x56543da0a508 [ node 0x56543d9ea040 ]
[ 0x56543da0a210 ] exit block 7 is 0x56543da0a508 (0x56543da0a528 -> 0x56543d9d9c50)
[ 0x56543da0a210 ] last tree 0x56543da0a528 [ node 0x56543d9ea080 ]
[ 0x56543da0a210 ] blocks[2] exit tree is 0x56543da0a528
[ 0x56543d9e29b0 ] TR::MethodBuilder::addToTreeConnectingWorklist 0x56543da0aed0

[ 0x56543d9e29b0 ] Returned from connectTrees on 0x56543da0a210
[ 0x56543d9e29b0 ] copying inner block B0 to B5
[ 0x56543d9e29b0 ] Block 0x56543da0a3f0
n16n      ==>BBStart
n26n      ==>treetop
n29n      ==>treetop
n30n      ==>treetop
n31n      ==>treetop
n33n      ==>treetop
n38n      ==>goto
n17n      ==>BBEnd
[ 0x56543d9e29b0 ] copying inner block B1 to B6
[ 0x56543d9e29b0 ] Block 0x56543da0b400

n39n      ==>BBStart
n40n      ==>BBEnd
[ 0x56543d9e29b0 ] copying inner block B2 to B7
[ 0x56543d9e29b0 ] Block 0x56543da0a540

n18n      BBStart <block_7>                                                                   [0x56543d9ea040] bci=[-1,0,-] rc=0 vc=0 vn=- li=- udi=- nc=0
n19n      BBEnd </block_7>                                                                    [0x56543d9ea080] bci=[-1,0,-] rc=0 vc=0 vn=- li=- udi=- nc=0
[ 0x56543d9e29b0 ] First tree is 0x56543da0a3b8 [ node 0x56543d9e9fc0 ]
[ 0x56543d9e29b0 ] Last tree will be 0x56543da0a528 [ node 0x56543d9ea080 ]
[ 0x56543d9e29b0 ] Connecting tree 0x56543da09f18 [ node 0x56543d9e9e80 ] to new tree 0x56543da0a3b8 [ node 0x56543d9e9fc0 ]
[ 0x56543d9e29b0 ] connectTrees visiting next builder from worklist [ 0x56543da0aed0 ]

[ 0x56543d9e29b0 ] Calling connectTrees on inner builder 0x56543da0aed0
[ 0x56543da0aed0 ] TR::BytecodeBuilder::connectTrees
[ 0x56543da0aed0 ] TR::IlBuilder::connectTrees():
[ 0x56543da0aed0 ] Total 3 blocks
[ 0x56543da0aed0 ] Allocated _blocks 0x56543da0c530
[ 0x56543da0aed0 ] Connecting trees one entry at a time:
[ 0x56543da0aed0 ] currentBlock = 0
[ 0x56543da0aed0 ] lastTree = (nil)
[ 0x56543da0aed0 ] Block entry 0x56543da0b0b0 becomes block B0
[ 0x56543da0aed0 ] Block 0x56543da0b0b0
n34n      BBStart <block_9>                                                                   [0x56543d9ea440] bci=[-1,2,-] rc=0 vc=0 vn=- li=- udi=- nc=0
n45n      goto --> block_12 BBStart at n41n                                                   [0x56543d9ea700] bci=[-1,0,-] rc=0 vc=0 vn=- li=- udi=- nc=0
n35n      BBEnd </block_9>                                                                    [0x56543d9ea480] bci=[-1,0,-] rc=0 vc=0 vn=- li=- udi=- nc=0
[ 0x56543da0aed0 ] First tree is 0x56543da0b078 [ node 0x56543d9ea440 ]
[ 0x56543da0aed0 ] Last tree will be 0x56543da0b098 [ node 0x56543d9ea480 ]
[ 0x56543da0aed0 ] currentBlock = 1
[ 0x56543da0aed0 ] lastTree = 0x56543da0b098
[ 0x56543da0aed0 ] Block entry 0x56543da0ba40 becomes block B1
[ 0x56543da0aed0 ] Block 0x56543da0ba40
n46n      BBStart <block_14>                                                                  [0x56543d9ea740] bci=[-1,2,-] rc=0 vc=0 vn=- li=- udi=- nc=0
n47n      BBEnd </block_14>                                                                   [0x56543d9ea780] bci=[-1,0,-] rc=0 vc=0 vn=- li=- udi=- nc=0
[ 0x56543da0aed0 ] First tree is 0x56543da0ba08 [ node 0x56543d9ea740 ]
[ 0x56543da0aed0 ] Last tree will be 0x56543da0ba28 [ node 0x56543d9ea780 ]
[ 0x56543da0aed0 ] Connecting tree 0x56543da0b098 [ node 0x56543d9ea480 ] to new tree 0x56543da0ba08 [ node 0x56543d9ea740 ]
[ 0x56543da0aed0 ] Connecting last tree 0x56543da0ba28 [ node 0x56543d9ea780 ] to exit block entry 0x56543da0b1c8 [ node 0x56543d9ea4c0 ]
[ 0x56543da0aed0 ] exit block 10 is 0x56543da0b1c8 (0x56543da0b1e8 -> 0x56543d9d9c50)
[ 0x56543da0aed0 ] last tree 0x56543da0b1e8 [ node 0x56543d9ea500 ]
[ 0x56543da0aed0 ] blocks[2] exit tree is 0x56543da0b1e8
[ 0x56543d9e29b0 ] TR::MethodBuilder::addToTreeConnectingWorklist 0x56543da0b510

[ 0x56543d9e29b0 ] Returned from connectTrees on 0x56543da0aed0
[ 0x56543d9e29b0 ] copying inner block B0 to B8
[ 0x56543d9e29b0 ] Block 0x56543da0b0b0
n34n      ==>BBStart
n45n      ==>goto
n35n      ==>BBEnd
[ 0x56543d9e29b0 ] copying inner block B1 to B9
[ 0x56543d9e29b0 ] Block 0x56543da0ba40

n46n      ==>BBStart
n47n      ==>BBEnd
[ 0x56543d9e29b0 ] copying inner block B2 to B10
[ 0x56543d9e29b0 ] Block 0x56543da0b200

n36n      BBStart <block_10>                                                                  [0x56543d9ea4c0] bci=[-1,0,-] rc=0 vc=0 vn=- li=- udi=- nc=0
n37n      BBEnd </block_10>                                                                   [0x56543d9ea500] bci=[-1,0,-] rc=0 vc=0 vn=- li=- udi=- nc=0
[ 0x56543d9e29b0 ] First tree is 0x56543da0b078 [ node 0x56543d9ea440 ]
[ 0x56543d9e29b0 ] Last tree will be 0x56543da0b1e8 [ node 0x56543d9ea500 ]
[ 0x56543d9e29b0 ] Connecting tree 0x56543da0a528 [ node 0x56543d9ea080 ] to new tree 0x56543da0b078 [ node 0x56543d9ea440 ]
[ 0x56543d9e29b0 ] connectTrees visiting next builder from worklist [ 0x56543da0b510 ]

[ 0x56543d9e29b0 ] Calling connectTrees on inner builder 0x56543da0b510
[ 0x56543da0b510 ] TR::BytecodeBuilder::connectTrees
[ 0x56543da0b510 ] TR::IlBuilder::connectTrees():
[ 0x56543da0b510 ] Total 2 blocks
[ 0x56543da0b510 ] Allocated _blocks 0x56543da0c6b0
[ 0x56543da0b510 ] Connecting trees one entry at a time:
[ 0x56543da0b510 ] currentBlock = 0
[ 0x56543da0b510 ] lastTree = (nil)
[ 0x56543da0b510 ] Block entry 0x56543da0b6f0 becomes block B0
[ 0x56543da0b510 ] Block 0x56543da0b6f0
n41n      BBStart <block_12>                                                                  [0x56543d9ea600] bci=[-1,3,-] rc=0 vc=0 vn=- li=- udi=- nc=0
n48n      return                                                                              [0x56543d9ea7c0] bci=[-1,0,-] rc=0 vc=0 vn=- li=- udi=- nc=0
n42n      BBEnd </block_12>                                                                   [0x56543d9ea640] bci=[-1,0,-] rc=0 vc=0 vn=- li=- udi=- nc=0
[ 0x56543da0b510 ] First tree is 0x56543da0b6b8 [ node 0x56543d9ea600 ]
[ 0x56543da0b510 ] Last tree will be 0x56543da0b6d8 [ node 0x56543d9ea640 ]
[ 0x56543da0b510 ] Connecting last tree 0x56543da0b6d8 [ node 0x56543d9ea640 ] to exit block entry 0x56543da0b808 [ node 0x56543d9ea680 ]
[ 0x56543da0b510 ] exit block 13 is 0x56543da0b808 (0x56543da0b828 -> 0x56543d9d9c50)
[ 0x56543da0b510 ] last tree 0x56543da0b828 [ node 0x56543d9ea6c0 ]
[ 0x56543da0b510 ] blocks[1] exit tree is 0x56543da0b828

[ 0x56543d9e29b0 ] Returned from connectTrees on 0x56543da0b510
[ 0x56543d9e29b0 ] copying inner block B0 to B11
[ 0x56543d9e29b0 ] Block 0x56543da0b6f0
n41n      ==>BBStart
n48n      ==>return
n42n      ==>BBEnd
[ 0x56543d9e29b0 ] copying inner block B1 to B12
[ 0x56543d9e29b0 ] Block 0x56543da0b840

n43n      BBStart <block_13>                                                                  [0x56543d9ea680] bci=[-1,0,-] rc=0 vc=0 vn=- li=- udi=- nc=0
n44n      BBEnd </block_13>                                                                   [0x56543d9ea6c0] bci=[-1,0,-] rc=0 vc=0 vn=- li=- udi=- nc=0
[ 0x56543d9e29b0 ] First tree is 0x56543da0b6b8 [ node 0x56543d9ea600 ]
[ 0x56543d9e29b0 ] Last tree will be 0x56543da0b828 [ node 0x56543d9ea6c0 ]
[ 0x56543d9e29b0 ] Connecting tree 0x56543da0b1e8 [ node 0x56543d9ea500 ] to new tree 0x56543da0b6b8 [ node 0x56543d9ea600 ]
<trees
	title="after connectTrees"
	method="/home/vm/host/wasmjit-omr/src/aot/aot-function-builder.cc:153:func_0"
	hotness="warm">

after connectTrees: for /home/vm/host/wasmjit-omr/src/aot/aot-function-builder.cc:153:func_0

------------------------------------------------------------------------------------------------------------------------------------------------------------------------
n1n       BBStart <block_2>                                                                   [0x56543d9e9c00] bci=[-1,0,-] rc=0 vc=0 vn=- li=- udi=- nc=0
n4n       treetop                                                                             [0x56543d9e9cc0] bci=[-1,0,-] rc=0 vc=0 vn=- li=- udi=- nc=1
n3n         aconst NULL                                                                       [0x56543d9e9c80] bci=[-1,0,-] rc=2 vc=0 vn=- li=- udi=- nc=0
n5n       astore  _StackBase_1<auto slot 1>[#419  _StackBase_1] [flags 0x10007 0x0 ]          [0x56543d9e9d00] bci=[-1,0,-] rc=0 vc=0 vn=- li=- udi=- nc=1
n3n         ==>aconst NULL
n2n       BBEnd </block_2> =====                                                              [0x56543d9e9c40] bci=[-1,0,-] rc=0 vc=0 vn=- li=- udi=- nc=0

n6n       BBStart <block_3>                                                                   [0x56543d9e9d40] bci=[-1,0,-] rc=0 vc=0 vn=- li=- udi=- nc=0
n13n      treetop                                                                             [0x56543d9e9f00] bci=[-1,0,-] rc=0 vc=0 vn=- li=- udi=- nc=1
n12n        iconst 6                                                                          [0x56543d9e9ec0] bci=[-1,0,-] rc=2 vc=0 vn=- li=- udi=- nc=0
n23n      lstore  <temp slot 2>[#420  _T2] [flags 0x10004 0x0 ]                               [0x56543d9ea180] bci=[-1,0,-] rc=0 vc=0 vn=- li=- udi=- nc=1
n14n        i2l                                                                               [0x56543d9e9f40] bci=[-1,0,-] rc=1 vc=0 vn=- li=- udi=- nc=1
n12n          ==>iconst 6
n20n      goto --> block_6 BBStart at n16n                                                    [0x56543d9ea0c0] bci=[-1,0,-] rc=0 vc=0 vn=- li=- udi=- nc=0
n7n       BBEnd </block_3> =====                                                              [0x56543d9e9d80] bci=[-1,0,-] rc=0 vc=0 vn=- li=- udi=- nc=0

n21n      BBStart <block_8>                                                                   [0x56543d9ea100] bci=[-1,0,-] rc=0 vc=0 vn=- li=- udi=- nc=0
n22n      BBEnd </block_8> =====                                                              [0x56543d9ea140] bci=[-1,0,-] rc=0 vc=0 vn=- li=- udi=- nc=0

n8n       BBStart <block_4>                                                                   [0x56543d9e9dc0] bci=[-1,0,-] rc=0 vc=0 vn=- li=- udi=- nc=0
n9n       BBEnd </block_4> =====                                                              [0x56543d9e9e00] bci=[-1,0,-] rc=0 vc=0 vn=- li=- udi=- nc=0

n10n      BBStart <block_5>                                                                   [0x56543d9e9e40] bci=[-1,0,-] rc=0 vc=0 vn=- li=- udi=- nc=0
n11n      BBEnd </block_5> =====                                                              [0x56543d9e9e80] bci=[-1,0,-] rc=0 vc=0 vn=- li=- udi=- nc=0

n16n      BBStart <block_6>                                                                   [0x56543d9e9fc0] bci=[-1,1,-] rc=0 vc=0 vn=- li=- udi=- nc=0
n26n      treetop                                                                             [0x56543d9ea240] bci=[-1,0,-] rc=0 vc=0 vn=- li=- udi=- nc=1
n25n        l2i                                                                               [0x56543d9ea200] bci=[-1,0,-] rc=2 vc=0 vn=- li=- udi=- nc=1
n24n          lload  <temp slot 2>[#420  _T2] [flags 0x10004 0x0 ]                            [0x56543d9ea1c0] bci=[-1,0,-] rc=1 vc=0 vn=- li=- udi=- nc=0
n29n      treetop                                                                             [0x56543d9ea300] bci=[-1,0,-] rc=0 vc=0 vn=- li=- udi=- nc=1
n28n        i2l                                                                               [0x56543d9ea2c0] bci=[-1,0,-] rc=2 vc=0 vn=- li=- udi=- nc=1
n25n          ==>l2i
n30n      treetop                                                                             [0x56543d9ea340] bci=[-1,0,-] rc=0 vc=0 vn=- li=- udi=- nc=1
n27n        icall  /home/vm/host/wasmjit-omr/src/aot/aot-function-builder.cc:0:func_1[#422  static Method] [flags 0x500 0x0 ]  [0x56543d9ea280] bci=[-1,0,-] rc=3 vc=0 vn=- li=- udi=- nc=1
n28n          ==>i2l
n31n      treetop                                                                             [0x56543d9ea380] bci=[-1,0,-] rc=0 vc=0 vn=- li=- udi=- nc=1
n27n        ==>icall
n33n      treetop                                                                             [0x56543d9ea400] bci=[-1,0,-] rc=0 vc=0 vn=- li=- udi=- nc=1
n32n        i2l                                                                               [0x56543d9ea3c0] bci=[-1,0,-] rc=1 vc=0 vn=- li=- udi=- nc=1
n27n          ==>icall
n38n      goto --> block_9 BBStart at n34n                                                    [0x56543d9ea540] bci=[-1,0,-] rc=0 vc=0 vn=- li=- udi=- nc=0
n17n      BBEnd </block_6> =====                                                              [0x56543d9ea000] bci=[-1,0,-] rc=0 vc=0 vn=- li=- udi=- nc=0

n39n      BBStart <block_11>                                                                  [0x56543d9ea580] bci=[-1,1,-] rc=0 vc=0 vn=- li=- udi=- nc=0
n40n      BBEnd </block_11> =====                                                             [0x56543d9ea5c0] bci=[-1,0,-] rc=0 vc=0 vn=- li=- udi=- nc=0

n18n      BBStart <block_7>                                                                   [0x56543d9ea040] bci=[-1,0,-] rc=0 vc=0 vn=- li=- udi=- nc=0
n19n      BBEnd </block_7> =====                                                              [0x56543d9ea080] bci=[-1,0,-] rc=0 vc=0 vn=- li=- udi=- nc=0

n34n      BBStart <block_9>                                                                   [0x56543d9ea440] bci=[-1,2,-] rc=0 vc=0 vn=- li=- udi=- nc=0
n45n      goto --> block_12 BBStart at n41n                                                   [0x56543d9ea700] bci=[-1,0,-] rc=0 vc=0 vn=- li=- udi=- nc=0
n35n      BBEnd </block_9> =====                                                              [0x56543d9ea480] bci=[-1,0,-] rc=0 vc=0 vn=- li=- udi=- nc=0

n46n      BBStart <block_14>                                                                  [0x56543d9ea740] bci=[-1,2,-] rc=0 vc=0 vn=- li=- udi=- nc=0
n47n      BBEnd </block_14> =====                                                             [0x56543d9ea780] bci=[-1,0,-] rc=0 vc=0 vn=- li=- udi=- nc=0

n36n      BBStart <block_10>                                                                  [0x56543d9ea4c0] bci=[-1,0,-] rc=0 vc=0 vn=- li=- udi=- nc=0
n37n      BBEnd </block_10> =====                                                             [0x56543d9ea500] bci=[-1,0,-] rc=0 vc=0 vn=- li=- udi=- nc=0

n41n      BBStart <block_12>                                                                  [0x56543d9ea600] bci=[-1,3,-] rc=0 vc=0 vn=- li=- udi=- nc=0
n48n      return                                                                              [0x56543d9ea7c0] bci=[-1,0,-] rc=0 vc=0 vn=- li=- udi=- nc=0
n42n      BBEnd </block_12> =====                                                             [0x56543d9ea640] bci=[-1,0,-] rc=0 vc=0 vn=- li=- udi=- nc=0

n43n      BBStart <block_13>                                                                  [0x56543d9ea680] bci=[-1,0,-] rc=0 vc=0 vn=- li=- udi=- nc=0
n44n      BBEnd </block_13>                                                                   [0x56543d9ea6c0] bci=[-1,0,-] rc=0 vc=0 vn=- li=- udi=- nc=0

index:       node global index
bci=[x,y,z]: byte-code-info [callee-index, bytecode-index, line-number]
rc:          reference count
vc:          visit count
vn:          value number
li:          local index
udi:         use/def index
nc:          number of children
addr:        address size in bytes
flg:         node flags

Symbol References (incremental):
--------------------------------
#419:  _StackBase_1<auto slot 1>[ _StackBase_1] [flags 0x10007 0x0 ] [0x56543da098e0] (Address)
#420:  <temp slot 2>[ _T2] [flags 0x10004 0x0 ] [0x56543da0a850] (Int64)
#421:  Parm  0<parm 0 I>[ Parm] [flags 0x103 0x0 ] [0x56543da0ab70] (Int32)
#422:  /home/vm/host/wasmjit-omr/src/aot/aot-function-builder.cc:0:func_1[ static Method] [flags 0x500 0x0 ] [0x56543da0a9b0] (NoType)

Number of nodes = 47, symRefCount = 423
</trees>

<cfg>
         0 [0x56543da08dc0] entry
                 in        = []
                 out       = [2(0) ]
                 exception in  = []
                 exception out = []
         1 [0x56543da08cd0] exit
                 in        = [12(0) ]
                 out       = []
                 exception in  = []
                 exception out = []
         2 [0x56543da08f10] BBStart at 0x56543d9e9c00
                 in        = [0(0) ]
                 out       = [3(0) ]
                 exception in  = []
                 exception out = []
         3 [0x56543da09c40] BBStart at 0x56543d9e9d40
                 in        = [2(0) ]
                 out       = [6(0) ]
                 exception in  = []
                 exception out = []
         4 [0x56543da09d90] BBStart at 0x56543d9e9dc0
                 in        = []
                 out       = [5(0) ]
                 exception in  = []
                 exception out = []
         5 [0x56543da09f30] BBStart at 0x56543d9e9e40
                 in        = [4(0) ]
                 out       = []
                 exception in  = []
                 exception out = []
         6 [0x56543da0a3f0] BBStart at 0x56543d9e9fc0
                 in        = [3(0) ]
                 out       = [9(0) ]
                 exception in  = []
                 exception out = []
         7 [0x56543da0a540] BBStart at 0x56543d9ea040
                 in        = []
                 out       = []
                 exception in  = []
                 exception out = []
         8 [0x56543da0a740] BBStart at 0x56543d9ea100
                 in        = []
                 out       = []
                 exception in  = []
                 exception out = []
         9 [0x56543da0b0b0] BBStart at 0x56543d9ea440
                 in        = [6(0) ]
                 out       = [12(0) ]
                 exception in  = []
                 exception out = []
        10 [0x56543da0b200] BBStart at 0x56543d9ea4c0
                 in        = []
                 out       = []
                 exception in  = []
                 exception out = []
        11 [0x56543da0b400] BBStart at 0x56543d9ea580
                 in        = []
                 out       = []
                 exception in  = []
                 exception out = []
        12 [0x56543da0b6f0] BBStart at 0x56543d9ea600
                 in        = [9(0) ]
                 out       = [1(0) ]
                 exception in  = []
                 exception out = []
        13 [0x56543da0b840] BBStart at 0x56543d9ea680
                 in        = []
                 out       = []
                 exception in  = []
                 exception out = []
        14 [0x56543da0ba40] BBStart at 0x56543d9ea740
                 in        = []
                 out       = []
                 exception in  = []
                 exception out = []

</cfg>
<trees
	title="after removing unreachable blocks"
	method="/home/vm/host/wasmjit-omr/src/aot/aot-function-builder.cc:153:func_0"
	hotness="warm">

after removing unreachable blocks: for /home/vm/host/wasmjit-omr/src/aot/aot-function-builder.cc:153:func_0

------------------------------------------------------------------------------------------------------------------------------------------------------------------------
n1n       BBStart <block_2>                                                                   [0x56543d9e9c00] bci=[-1,0,-] rc=0 vc=0 vn=- li=- udi=- nc=0
n4n       treetop                                                                             [0x56543d9e9cc0] bci=[-1,0,-] rc=0 vc=0 vn=- li=- udi=- nc=1
n3n         aconst NULL                                                                       [0x56543d9e9c80] bci=[-1,0,-] rc=2 vc=0 vn=- li=- udi=- nc=0
n5n       astore  _StackBase_1<auto slot 1>[#419  _StackBase_1] [flags 0x10007 0x0 ]          [0x56543d9e9d00] bci=[-1,0,-] rc=0 vc=0 vn=- li=- udi=- nc=1
n3n         ==>aconst NULL
n2n       BBEnd </block_2> =====                                                              [0x56543d9e9c40] bci=[-1,0,-] rc=0 vc=0 vn=- li=- udi=- nc=0

n6n       BBStart <block_3>                                                                   [0x56543d9e9d40] bci=[-1,0,-] rc=0 vc=0 vn=- li=- udi=- nc=0
n13n      treetop                                                                             [0x56543d9e9f00] bci=[-1,0,-] rc=0 vc=0 vn=- li=- udi=- nc=1
n12n        iconst 6                                                                          [0x56543d9e9ec0] bci=[-1,0,-] rc=2 vc=0 vn=- li=- udi=- nc=0
n23n      lstore  <temp slot 2>[#420  _T2] [flags 0x10004 0x0 ]                               [0x56543d9ea180] bci=[-1,0,-] rc=0 vc=0 vn=- li=- udi=- nc=1
n14n        i2l                                                                               [0x56543d9e9f40] bci=[-1,0,-] rc=1 vc=0 vn=- li=- udi=- nc=1
n12n          ==>iconst 6
n20n      goto --> block_6 BBStart at n16n                                                    [0x56543d9ea0c0] bci=[-1,0,-] rc=0 vc=0 vn=- li=- udi=- nc=0
n7n       BBEnd </block_3> =====                                                              [0x56543d9e9d80] bci=[-1,0,-] rc=0 vc=0 vn=- li=- udi=- nc=0

n16n      BBStart <block_6>                                                                   [0x56543d9e9fc0] bci=[-1,1,-] rc=0 vc=0 vn=- li=- udi=- nc=0
n26n      treetop                                                                             [0x56543d9ea240] bci=[-1,0,-] rc=0 vc=0 vn=- li=- udi=- nc=1
n25n        l2i                                                                               [0x56543d9ea200] bci=[-1,0,-] rc=2 vc=0 vn=- li=- udi=- nc=1
n24n          lload  <temp slot 2>[#420  _T2] [flags 0x10004 0x0 ]                            [0x56543d9ea1c0] bci=[-1,0,-] rc=1 vc=0 vn=- li=- udi=- nc=0
n29n      treetop                                                                             [0x56543d9ea300] bci=[-1,0,-] rc=0 vc=0 vn=- li=- udi=- nc=1
n28n        i2l                                                                               [0x56543d9ea2c0] bci=[-1,0,-] rc=2 vc=0 vn=- li=- udi=- nc=1
n25n          ==>l2i
n30n      treetop                                                                             [0x56543d9ea340] bci=[-1,0,-] rc=0 vc=0 vn=- li=- udi=- nc=1
n27n        icall  /home/vm/host/wasmjit-omr/src/aot/aot-function-builder.cc:0:func_1[#422  static Method] [flags 0x500 0x0 ]  [0x56543d9ea280] bci=[-1,0,-] rc=3 vc=0 vn=- li=- udi=- nc=1
n28n          ==>i2l
n31n      treetop                                                                             [0x56543d9ea380] bci=[-1,0,-] rc=0 vc=0 vn=- li=- udi=- nc=1
n27n        ==>icall
n33n      treetop                                                                             [0x56543d9ea400] bci=[-1,0,-] rc=0 vc=0 vn=- li=- udi=- nc=1
n32n        i2l                                                                               [0x56543d9ea3c0] bci=[-1,0,-] rc=1 vc=0 vn=- li=- udi=- nc=1
n27n          ==>icall
n38n      goto --> block_9 BBStart at n34n                                                    [0x56543d9ea540] bci=[-1,0,-] rc=0 vc=0 vn=- li=- udi=- nc=0
n17n      BBEnd </block_6> =====                                                              [0x56543d9ea000] bci=[-1,0,-] rc=0 vc=0 vn=- li=- udi=- nc=0

n34n      BBStart <block_9>                                                                   [0x56543d9ea440] bci=[-1,2,-] rc=0 vc=0 vn=- li=- udi=- nc=0
n45n      goto --> block_12 BBStart at n41n                                                   [0x56543d9ea700] bci=[-1,0,-] rc=0 vc=0 vn=- li=- udi=- nc=0
n35n      BBEnd </block_9> =====                                                              [0x56543d9ea480] bci=[-1,0,-] rc=0 vc=0 vn=- li=- udi=- nc=0

n41n      BBStart <block_12>                                                                  [0x56543d9ea600] bci=[-1,3,-] rc=0 vc=0 vn=- li=- udi=- nc=0
n48n      return                                                                              [0x56543d9ea7c0] bci=[-1,0,-] rc=0 vc=0 vn=- li=- udi=- nc=0
n42n      BBEnd </block_12>                                                                   [0x56543d9ea640] bci=[-1,0,-] rc=0 vc=0 vn=- li=- udi=- nc=0

index:       node global index
bci=[x,y,z]: byte-code-info [callee-index, bytecode-index, line-number]
rc:          reference count
vc:          visit count
vn:          value number
li:          local index
udi:         use/def index
nc:          number of children
addr:        address size in bytes
flg:         node flags

Number of nodes = 31, symRefCount = 423
</trees>

<cfg>
         0 [0x56543da08dc0] entry
                 in        = []
                 out       = [2(0) ]
                 exception in  = []
                 exception out = []
         1 [0x56543da08cd0] exit
                 in        = [12(0) ]
                 out       = []
                 exception in  = []
                 exception out = []
         2 [0x56543da08f10] BBStart at 0x56543d9e9c00
                 in        = [0(0) ]
                 out       = [3(0) ]
                 exception in  = []
                 exception out = []
         3 [0x56543da09c40] BBStart at 0x56543d9e9d40
                 in        = [2(0) ]
                 out       = [6(0) ]
                 exception in  = []
                 exception out = []
         6 [0x56543da0a3f0] BBStart at 0x56543d9e9fc0
                 in        = [3(0) ]
                 out       = [9(0) ]
                 exception in  = []
                 exception out = []
         9 [0x56543da0b0b0] BBStart at 0x56543d9ea440
                 in        = [6(0) ]
                 out       = [12(0) ]
                 exception in  = []
                 exception out = []
        12 [0x56543da0b6f0] BBStart at 0x56543d9ea600
                 in        = [9(0) ]
                 out       = [1(0) ]
                 exception in  = []
                 exception out = []

</cfg>
genIL() returned 1
<trees
	title="Pre IlGenOpt Trees"
	method="/home/vm/host/wasmjit-omr/src/aot/aot-function-builder.cc:153:func_0"
	hotness="warm">

Pre IlGenOpt Trees: for /home/vm/host/wasmjit-omr/src/aot/aot-function-builder.cc:153:func_0

------------------------------------------------------------------------------------------------------------------------------------------------------------------------
n1n       BBStart <block_2>                                                                   [0x56543d9e9c00] bci=[-1,0,-] rc=0 vc=0 vn=- li=- udi=- nc=0
n4n       treetop                                                                             [0x56543d9e9cc0] bci=[-1,0,-] rc=0 vc=0 vn=- li=- udi=- nc=1
n3n         aconst NULL                                                                       [0x56543d9e9c80] bci=[-1,0,-] rc=2 vc=0 vn=- li=- udi=- nc=0
n5n       astore  _StackBase_1<auto slot 1>[#419  _StackBase_1] [flags 0x10007 0x0 ]          [0x56543d9e9d00] bci=[-1,0,-] rc=0 vc=0 vn=- li=- udi=- nc=1
n3n         ==>aconst NULL
n2n       BBEnd </block_2> =====                                                              [0x56543d9e9c40] bci=[-1,0,-] rc=0 vc=0 vn=- li=- udi=- nc=0

n6n       BBStart <block_3>                                                                   [0x56543d9e9d40] bci=[-1,0,-] rc=0 vc=0 vn=- li=- udi=- nc=0
n13n      treetop                                                                             [0x56543d9e9f00] bci=[-1,0,-] rc=0 vc=0 vn=- li=- udi=- nc=1
n12n        iconst 6                                                                          [0x56543d9e9ec0] bci=[-1,0,-] rc=2 vc=0 vn=- li=- udi=- nc=0
n23n      lstore  <temp slot 2>[#420  _T2] [flags 0x10004 0x0 ]                               [0x56543d9ea180] bci=[-1,0,-] rc=0 vc=0 vn=- li=- udi=- nc=1
n14n        i2l                                                                               [0x56543d9e9f40] bci=[-1,0,-] rc=1 vc=0 vn=- li=- udi=- nc=1
n12n          ==>iconst 6
n20n      goto --> block_6 BBStart at n16n                                                    [0x56543d9ea0c0] bci=[-1,0,-] rc=0 vc=0 vn=- li=- udi=- nc=0
n7n       BBEnd </block_3> =====                                                              [0x56543d9e9d80] bci=[-1,0,-] rc=0 vc=0 vn=- li=- udi=- nc=0

n16n      BBStart <block_6>                                                                   [0x56543d9e9fc0] bci=[-1,1,-] rc=0 vc=0 vn=- li=- udi=- nc=0
n26n      treetop                                                                             [0x56543d9ea240] bci=[-1,0,-] rc=0 vc=0 vn=- li=- udi=- nc=1
n25n        l2i                                                                               [0x56543d9ea200] bci=[-1,0,-] rc=2 vc=0 vn=- li=- udi=- nc=1
n24n          lload  <temp slot 2>[#420  _T2] [flags 0x10004 0x0 ]                            [0x56543d9ea1c0] bci=[-1,0,-] rc=1 vc=0 vn=- li=- udi=- nc=0
n29n      treetop                                                                             [0x56543d9ea300] bci=[-1,0,-] rc=0 vc=0 vn=- li=- udi=- nc=1
n28n        i2l                                                                               [0x56543d9ea2c0] bci=[-1,0,-] rc=2 vc=0 vn=- li=- udi=- nc=1
n25n          ==>l2i
n30n      treetop                                                                             [0x56543d9ea340] bci=[-1,0,-] rc=0 vc=0 vn=- li=- udi=- nc=1
n27n        icall  /home/vm/host/wasmjit-omr/src/aot/aot-function-builder.cc:0:func_1[#422  static Method] [flags 0x500 0x0 ]  [0x56543d9ea280] bci=[-1,0,-] rc=3 vc=0 vn=- li=- udi=- nc=1
n28n          ==>i2l
n31n      treetop                                                                             [0x56543d9ea380] bci=[-1,0,-] rc=0 vc=0 vn=- li=- udi=- nc=1
n27n        ==>icall
n33n      treetop                                                                             [0x56543d9ea400] bci=[-1,0,-] rc=0 vc=0 vn=- li=- udi=- nc=1
n32n        i2l                                                                               [0x56543d9ea3c0] bci=[-1,0,-] rc=1 vc=0 vn=- li=- udi=- nc=1
n27n          ==>icall
n38n      goto --> block_9 BBStart at n34n                                                    [0x56543d9ea540] bci=[-1,0,-] rc=0 vc=0 vn=- li=- udi=- nc=0
n17n      BBEnd </block_6> =====                                                              [0x56543d9ea000] bci=[-1,0,-] rc=0 vc=0 vn=- li=- udi=- nc=0

n34n      BBStart <block_9>                                                                   [0x56543d9ea440] bci=[-1,2,-] rc=0 vc=0 vn=- li=- udi=- nc=0
n45n      goto --> block_12 BBStart at n41n                                                   [0x56543d9ea700] bci=[-1,0,-] rc=0 vc=0 vn=- li=- udi=- nc=0
n35n      BBEnd </block_9> =====                                                              [0x56543d9ea480] bci=[-1,0,-] rc=0 vc=0 vn=- li=- udi=- nc=0

n41n      BBStart <block_12>                                                                  [0x56543d9ea600] bci=[-1,3,-] rc=0 vc=0 vn=- li=- udi=- nc=0
n48n      return                                                                              [0x56543d9ea7c0] bci=[-1,0,-] rc=0 vc=0 vn=- li=- udi=- nc=0
n42n      BBEnd </block_12>                                                                   [0x56543d9ea640] bci=[-1,0,-] rc=0 vc=0 vn=- li=- udi=- nc=0

index:       node global index
bci=[x,y,z]: byte-code-info [callee-index, bytecode-index, line-number]
rc:          reference count
vc:          visit count
vn:          value number
li:          local index
udi:         use/def index
nc:          number of children
addr:        address size in bytes
flg:         node flags

Number of nodes = 31, symRefCount = 423
</trees>

<cfg>
         0 [0x56543da08dc0] entry
                 in        = []
                 out       = [2(0) ]
                 exception in  = []
                 exception out = []
         1 [0x56543da08cd0] exit
                 in        = [12(0) ]
                 out       = []
                 exception in  = []
                 exception out = []
         2 [0x56543da08f10] BBStart at 0x56543d9e9c00
                 in        = [0(0) ]
                 out       = [3(0) ]
                 exception in  = []
                 exception out = []
         3 [0x56543da09c40] BBStart at 0x56543d9e9d40
                 in        = [2(0) ]
                 out       = [6(0) ]
                 exception in  = []
                 exception out = []
         6 [0x56543da0a3f0] BBStart at 0x56543d9e9fc0
                 in        = [3(0) ]
                 out       = [9(0) ]
                 exception in  = []
                 exception out = []
         9 [0x56543da0b0b0] BBStart at 0x56543d9ea440
                 in        = [6(0) ]
                 out       = [12(0) ]
                 exception in  = []
                 exception out = []
        12 [0x56543da0b6f0] BBStart at 0x56543d9ea600
                 in        = [9(0) ]
                 out       = [1(0) ]
                 exception in  = []
                 exception out = []

</cfg>
<optimize
	method="/home/vm/host/wasmjit-omr/src/aot/aot-function-builder.cc:153:func_0"
	hotness="warm">
</optimize>
</ilgen>
<trees
	title="Initial Trees"
	method="/home/vm/host/wasmjit-omr/src/aot/aot-function-builder.cc:153:func_0"
	hotness="warm">

Initial Trees: for /home/vm/host/wasmjit-omr/src/aot/aot-function-builder.cc:153:func_0

------------------------------------------------------------------------------------------------------------------------------------------------------------------------
n1n       BBStart <block_2>                                                                   [0x56543d9e9c00] bci=[-1,0,-] rc=0 vc=0 vn=- li=- udi=- nc=0
n4n       treetop                                                                             [0x56543d9e9cc0] bci=[-1,0,-] rc=0 vc=0 vn=- li=- udi=- nc=1
n3n         aconst NULL                                                                       [0x56543d9e9c80] bci=[-1,0,-] rc=2 vc=0 vn=- li=- udi=- nc=0
n5n       astore  _StackBase_1<auto slot 1>[#419  _StackBase_1] [flags 0x10007 0x0 ]          [0x56543d9e9d00] bci=[-1,0,-] rc=0 vc=0 vn=- li=- udi=- nc=1
n3n         ==>aconst NULL
n2n       BBEnd </block_2> =====                                                              [0x56543d9e9c40] bci=[-1,0,-] rc=0 vc=0 vn=- li=- udi=- nc=0

n6n       BBStart <block_3>                                                                   [0x56543d9e9d40] bci=[-1,0,-] rc=0 vc=0 vn=- li=- udi=- nc=0
n13n      treetop                                                                             [0x56543d9e9f00] bci=[-1,0,-] rc=0 vc=0 vn=- li=- udi=- nc=1
n12n        iconst 6                                                                          [0x56543d9e9ec0] bci=[-1,0,-] rc=2 vc=0 vn=- li=- udi=- nc=0
n23n      lstore  <temp slot 2>[#420  _T2] [flags 0x10004 0x0 ]                               [0x56543d9ea180] bci=[-1,0,-] rc=0 vc=0 vn=- li=- udi=- nc=1
n14n        i2l                                                                               [0x56543d9e9f40] bci=[-1,0,-] rc=1 vc=0 vn=- li=- udi=- nc=1
n12n          ==>iconst 6
n20n      goto --> block_6 BBStart at n16n                                                    [0x56543d9ea0c0] bci=[-1,0,-] rc=0 vc=0 vn=- li=- udi=- nc=0
n7n       BBEnd </block_3> =====                                                              [0x56543d9e9d80] bci=[-1,0,-] rc=0 vc=0 vn=- li=- udi=- nc=0

n16n      BBStart <block_6>                                                                   [0x56543d9e9fc0] bci=[-1,1,-] rc=0 vc=0 vn=- li=- udi=- nc=0
n26n      treetop                                                                             [0x56543d9ea240] bci=[-1,0,-] rc=0 vc=0 vn=- li=- udi=- nc=1
n25n        l2i                                                                               [0x56543d9ea200] bci=[-1,0,-] rc=2 vc=0 vn=- li=- udi=- nc=1
n24n          lload  <temp slot 2>[#420  _T2] [flags 0x10004 0x0 ]                            [0x56543d9ea1c0] bci=[-1,0,-] rc=1 vc=0 vn=- li=- udi=- nc=0
n29n      treetop                                                                             [0x56543d9ea300] bci=[-1,0,-] rc=0 vc=0 vn=- li=- udi=- nc=1
n28n        i2l                                                                               [0x56543d9ea2c0] bci=[-1,0,-] rc=2 vc=0 vn=- li=- udi=- nc=1
n25n          ==>l2i
n30n      treetop                                                                             [0x56543d9ea340] bci=[-1,0,-] rc=0 vc=0 vn=- li=- udi=- nc=1
n27n        icall  /home/vm/host/wasmjit-omr/src/aot/aot-function-builder.cc:0:func_1[#422  static Method] [flags 0x500 0x0 ]  [0x56543d9ea280] bci=[-1,0,-] rc=3 vc=0 vn=- li=- udi=- nc=1
n28n          ==>i2l
n31n      treetop                                                                             [0x56543d9ea380] bci=[-1,0,-] rc=0 vc=0 vn=- li=- udi=- nc=1
n27n        ==>icall
n33n      treetop                                                                             [0x56543d9ea400] bci=[-1,0,-] rc=0 vc=0 vn=- li=- udi=- nc=1
n32n        i2l                                                                               [0x56543d9ea3c0] bci=[-1,0,-] rc=1 vc=0 vn=- li=- udi=- nc=1
n27n          ==>icall
n38n      goto --> block_9 BBStart at n34n                                                    [0x56543d9ea540] bci=[-1,0,-] rc=0 vc=0 vn=- li=- udi=- nc=0
n17n      BBEnd </block_6> =====                                                              [0x56543d9ea000] bci=[-1,0,-] rc=0 vc=0 vn=- li=- udi=- nc=0

n34n      BBStart <block_9>                                                                   [0x56543d9ea440] bci=[-1,2,-] rc=0 vc=0 vn=- li=- udi=- nc=0
n45n      goto --> block_12 BBStart at n41n                                                   [0x56543d9ea700] bci=[-1,0,-] rc=0 vc=0 vn=- li=- udi=- nc=0
n35n      BBEnd </block_9> =====                                                              [0x56543d9ea480] bci=[-1,0,-] rc=0 vc=0 vn=- li=- udi=- nc=0

n41n      BBStart <block_12>                                                                  [0x56543d9ea600] bci=[-1,3,-] rc=0 vc=0 vn=- li=- udi=- nc=0
n48n      return                                                                              [0x56543d9ea7c0] bci=[-1,0,-] rc=0 vc=0 vn=- li=- udi=- nc=0
n42n      BBEnd </block_12>                                                                   [0x56543d9ea640] bci=[-1,0,-] rc=0 vc=0 vn=- li=- udi=- nc=0

index:       node global index
bci=[x,y,z]: byte-code-info [callee-index, bytecode-index, line-number]
rc:          reference count
vc:          visit count
vn:          value number
li:          local index
udi:         use/def index
nc:          number of children
addr:        address size in bytes
flg:         node flags

Number of nodes = 31, symRefCount = 423
</trees>

<cfg>
         0 [0x56543da08dc0] entry
                 in        = []
                 out       = [2(0) ]
                 exception in  = []
                 exception out = []
         1 [0x56543da08cd0] exit
                 in        = [12(0) ]
                 out       = []
                 exception in  = []
                 exception out = []
         2 [0x56543da08f10] BBStart at 0x56543d9e9c00
                 in        = [0(0) ]
                 out       = [3(0) ]
                 exception in  = []
                 exception out = []
         3 [0x56543da09c40] BBStart at 0x56543d9e9d40
                 in        = [2(0) ]
                 out       = [6(0) ]
                 exception in  = []
                 exception out = []
         6 [0x56543da0a3f0] BBStart at 0x56543d9e9fc0
                 in        = [3(0) ]
                 out       = [9(0) ]
                 exception in  = []
                 exception out = []
         9 [0x56543da0b0b0] BBStart at 0x56543d9ea440
                 in        = [6(0) ]
                 out       = [12(0) ]
                 exception in  = []
                 exception out = []
        12 [0x56543da0b6f0] BBStart at 0x56543d9ea600
                 in        = [9(0) ]
                 out       = [1(0) ]
                 exception in  = []
                 exception out = []

</cfg>

This method is warm
<optimize
	method="/home/vm/host/wasmjit-omr/src/aot/aot-function-builder.cc:153:func_0"
	hotness="warm">
<optimization id=1 name=deadTreesElimination method=/home/vm/host/wasmjit-omr/src/aot/aot-function-builder.cc:153:func_0>
Performing 1: deadTreesElimination
            (Building alias info)
[     1] O^O DEAD TREES ELIMINATION: Remove trivial dead tree: 0x56543d9ea380
[     2] O^O DEAD TREES ELIMINATION: Remove tree : [0x56543d9e9cc0] ([0x56543d9e9c80] = aconst)
[     3] O^O DEAD TREES ELIMINATION: Remove tree : [0x56543d9e9f00] ([0x56543d9e9ec0] = iconst)
[     4] O^O DEAD TREES ELIMINATION: Remove tree : [0x56543d9ea240] ([0x56543d9ea200] = l2i)
[     5] O^O DEAD TREES ELIMINATION: Remove tree : [0x56543d9ea300] ([0x56543d9ea2c0] = i2l)
[     6] O^O DEAD TREES ELIMINATION: Remove tree : [0x56543d9ea400] ([0x56543d9ea3c0] = i2l)
<trees
	title="Trees after deadTreesElimination"
	method="/home/vm/host/wasmjit-omr/src/aot/aot-function-builder.cc:153:func_0"
	hotness="warm">

Trees after deadTreesElimination: for /home/vm/host/wasmjit-omr/src/aot/aot-function-builder.cc:153:func_0

------------------------------------------------------------------------------------------------------------------------------------------------------------------------
n1n       BBStart <block_2>                                                                   [0x56543d9e9c00] bci=[-1,0,-] rc=0 vc=4 vn=- li=-1 udi=- nc=0
n5n       astore  _StackBase_1<auto slot 1>[#419  _StackBase_1] [flags 0x10007 0x0 ]          [0x56543d9e9d00] bci=[-1,0,-] rc=0 vc=4 vn=- li=-1 udi=- nc=1
n3n         aconst NULL                                                                       [0x56543d9e9c80] bci=[-1,0,-] rc=1 vc=4 vn=- li=- udi=- nc=0
n2n       BBEnd </block_2> =====                                                              [0x56543d9e9c40] bci=[-1,0,-] rc=0 vc=4 vn=- li=-1 udi=- nc=0

n6n       BBStart <block_3>                                                                   [0x56543d9e9d40] bci=[-1,0,-] rc=0 vc=4 vn=- li=-1 udi=- nc=0
n23n      lstore  <temp slot 2>[#420  _T2] [flags 0x10004 0x0 ]                               [0x56543d9ea180] bci=[-1,0,-] rc=0 vc=4 vn=- li=-1 udi=- nc=1
n14n        i2l                                                                               [0x56543d9e9f40] bci=[-1,0,-] rc=1 vc=4 vn=- li=- udi=- nc=1
n12n          iconst 6                                                                        [0x56543d9e9ec0] bci=[-1,0,-] rc=1 vc=4 vn=- li=- udi=- nc=0
n20n      goto --> block_6 BBStart at n16n                                                    [0x56543d9ea0c0] bci=[-1,0,-] rc=0 vc=4 vn=- li=-1 udi=- nc=0
n7n       BBEnd </block_3> =====                                                              [0x56543d9e9d80] bci=[-1,0,-] rc=0 vc=4 vn=- li=-1 udi=- nc=0

n16n      BBStart <block_6>                                                                   [0x56543d9e9fc0] bci=[-1,1,-] rc=0 vc=4 vn=- li=-1 udi=- nc=0
n30n      treetop                                                                             [0x56543d9ea340] bci=[-1,0,-] rc=0 vc=4 vn=- li=-1 udi=- nc=1
n27n        icall  /home/vm/host/wasmjit-omr/src/aot/aot-function-builder.cc:0:func_1[#422  static Method] [flags 0x500 0x0 ]  [0x56543d9ea280] bci=[-1,0,-] rc=1 vc=4 vn=- li=- udi=- nc=1
n28n          i2l                                                                             [0x56543d9ea2c0] bci=[-1,0,-] rc=1 vc=4 vn=- li=- udi=- nc=1
n25n            l2i                                                                           [0x56543d9ea200] bci=[-1,0,-] rc=1 vc=4 vn=- li=- udi=- nc=1
n24n              lload  <temp slot 2>[#420  _T2] [flags 0x10004 0x0 ]                        [0x56543d9ea1c0] bci=[-1,0,-] rc=1 vc=4 vn=- li=- udi=- nc=0
n38n      goto --> block_9 BBStart at n34n                                                    [0x56543d9ea540] bci=[-1,0,-] rc=0 vc=4 vn=- li=-1 udi=- nc=0
n17n      BBEnd </block_6> =====                                                              [0x56543d9ea000] bci=[-1,0,-] rc=0 vc=4 vn=- li=-1 udi=- nc=0

n34n      BBStart <block_9>                                                                   [0x56543d9ea440] bci=[-1,2,-] rc=0 vc=4 vn=- li=-1 udi=- nc=0
n45n      goto --> block_12 BBStart at n41n                                                   [0x56543d9ea700] bci=[-1,0,-] rc=0 vc=4 vn=- li=-1 udi=- nc=0
n35n      BBEnd </block_9> =====                                                              [0x56543d9ea480] bci=[-1,0,-] rc=0 vc=4 vn=- li=-1 udi=- nc=0

n41n      BBStart <block_12>                                                                  [0x56543d9ea600] bci=[-1,3,-] rc=0 vc=4 vn=- li=-1 udi=- nc=0
n48n      return                                                                              [0x56543d9ea7c0] bci=[-1,0,-] rc=0 vc=4 vn=- li=-1 udi=- nc=0
n42n      BBEnd </block_12>                                                                   [0x56543d9ea640] bci=[-1,0,-] rc=0 vc=4 vn=- li=-1 udi=- nc=0

index:       node global index
bci=[x,y,z]: byte-code-info [callee-index, bytecode-index, line-number]
rc:          reference count
vc:          visit count
vn:          value number
li:          local index
udi:         use/def index
nc:          number of children
addr:        address size in bytes
flg:         node flags

Number of nodes = 24, symRefCount = 423
</trees>

<cfg>
         0 [0x56543da08dc0] entry
                 in        = []
                 out       = [2(0) ]
                 exception in  = []
                 exception out = []
         1 [0x56543da08cd0] exit
                 in        = [12(0) ]
                 out       = []
                 exception in  = []
                 exception out = []
         2 [0x56543da08f10] BBStart at 0x56543d9e9c00
                 in        = [0(0) ]
                 out       = [3(0) ]
                 exception in  = []
                 exception out = []
         3 [0x56543da09c40] BBStart at 0x56543d9e9d40
                 in        = [2(0) ]
                 out       = [6(0) ]
                 exception in  = []
                 exception out = []
         6 [0x56543da0a3f0] BBStart at 0x56543d9e9fc0
                 in        = [3(0) ]
                 out       = [9(0) ]
                 exception in  = []
                 exception out = []
         9 [0x56543da0b0b0] BBStart at 0x56543d9ea440
                 in        = [6(0) ]
                 out       = [12(0) ]
                 exception in  = []
                 exception out = []
        12 [0x56543da0b6f0] BBStart at 0x56543d9ea600
                 in        = [9(0) ]
                 out       = [1(0) ]
                 exception in  = []
                 exception out = []

</cfg>
</optimization>

<optimization id=2 name=inlining method=/home/vm/host/wasmjit-omr/src/aot/aot-function-builder.cc:153:func_0>
Performing 2: inlining
         No transformations done by this pass -- omitting listings
</optimization>

<optimization id=3 name=treeSimplification method=/home/vm/host/wasmjit-omr/src/aot/aot-function-builder.cc:153:func_0>
Performing 3: treeSimplification
[     7] O^O TREE SIMPLIFICATION: Merge blocks: block_2 and block_3
[     8] O^O TREE SIMPLIFICATION: Constant folding node [0x56543d9e9f40] i2l          to lconst          0x6
[     9] O^O TREE SIMPLIFICATION: Removing goto [0x56543d9ea0c0] to following block
[    10] O^O TREE SIMPLIFICATION: Removing redundant node [0x56543d9ea0c0] goto
[    11] O^O TREE SIMPLIFICATION: Merge blocks: block_2 and block_6
[    12] O^O TREE SIMPLIFICATION: Removing goto [0x56543d9ea540] to following block
[    13] O^O TREE SIMPLIFICATION: Removing redundant node [0x56543d9ea540] goto
[    14] O^O TREE SIMPLIFICATION: Merge blocks: block_2 and block_9
[    15] O^O TREE SIMPLIFICATION: Removing goto [0x56543d9ea700] to following block
[    16] O^O TREE SIMPLIFICATION: Removing redundant node [0x56543d9ea700] goto
[    17] O^O TREE SIMPLIFICATION: Merge blocks: block_2 and block_12
<trees
	title="Trees after treeSimplification"
	method="/home/vm/host/wasmjit-omr/src/aot/aot-function-builder.cc:153:func_0"
	hotness="warm">

Trees after treeSimplification: for /home/vm/host/wasmjit-omr/src/aot/aot-function-builder.cc:153:func_0

------------------------------------------------------------------------------------------------------------------------------------------------------------------------
n1n       BBStart <block_2>                                                                   [0x56543d9e9c00] bci=[-1,3,-] rc=0 vc=16 vn=- li=- udi=- nc=0
n5n       astore  _StackBase_1<auto slot 1>[#419  _StackBase_1] [flags 0x10007 0x0 ]          [0x56543d9e9d00] bci=[-1,0,-] rc=0 vc=16 vn=- li=- udi=- nc=1
n3n         aconst NULL                                                                       [0x56543d9e9c80] bci=[-1,0,-] rc=1 vc=16 vn=- li=- udi=- nc=0
n23n      lstore  <temp slot 2>[#420  _T2] [flags 0x10004 0x0 ]                               [0x56543d9ea180] bci=[-1,0,-] rc=0 vc=16 vn=- li=- udi=- nc=1
n14n        lconst 6 (highWordZero )                                                          [0x56543d9e9f40] bci=[-1,0,-] rc=1 vc=16 vn=- li=- udi=- nc=0 flg=0x4000
n30n      treetop                                                                             [0x56543d9ea340] bci=[-1,0,-] rc=0 vc=16 vn=- li=- udi=- nc=1
n27n        icall  /home/vm/host/wasmjit-omr/src/aot/aot-function-builder.cc:0:func_1[#422  static Method] [flags 0x500 0x0 ]  [0x56543d9ea280] bci=[-1,0,-] rc=1 vc=16 vn=- li=- udi=- nc=1
n28n          i2l                                                                             [0x56543d9ea2c0] bci=[-1,0,-] rc=1 vc=16 vn=- li=- udi=- nc=1
n25n            l2i                                                                           [0x56543d9ea200] bci=[-1,0,-] rc=1 vc=16 vn=- li=- udi=- nc=1
n24n              lload  <temp slot 2>[#420  _T2] [flags 0x10004 0x0 ]                        [0x56543d9ea1c0] bci=[-1,0,-] rc=1 vc=16 vn=- li=- udi=- nc=0
n48n      return                                                                              [0x56543d9ea7c0] bci=[-1,0,-] rc=0 vc=16 vn=- li=- udi=- nc=0
n42n      BBEnd </block_2>                                                                    [0x56543d9ea640] bci=[-1,0,-] rc=0 vc=16 vn=- li=- udi=- nc=0

index:       node global index
bci=[x,y,z]: byte-code-info [callee-index, bytecode-index, line-number]
rc:          reference count
vc:          visit count
vn:          value number
li:          local index
udi:         use/def index
nc:          number of children
addr:        address size in bytes
flg:         node flags

Number of nodes = 12, symRefCount = 423
</trees>

<cfg>
         0 [0x56543da08dc0] entry
                 in        = []
                 out       = [2(0) ]
                 exception in  = []
                 exception out = []
         1 [0x56543da08cd0] exit
                 in        = [2(0) ]
                 out       = []
                 exception in  = []
                 exception out = []
         2 [0x56543da08f10] BBStart at 0x56543d9e9c00
                 in        = [0(0) ]
                 out       = [1(0) ]
                 exception in  = []
                 exception out = []

</cfg>
</optimization>

<optimization id=4 name=localCSE method=/home/vm/host/wasmjit-omr/src/aot/aot-function-builder.cc:153:func_0>
Performing 4: localCSE
[    18] O^O LOCAL COMMON SUBEXPRESSION ELIMINATION:    Local Common Subexpression Elimination propagating local #420 in node : 0x56543d9ea1c0 PARENT : 0x56543d9ea200 from node 0x56543d9ea180
         O^O LOCAL COMMON SUBEXPRESSION ELIMINATION:    Rhs of store def node : 0x56543d9e9f40
<trees
	title="Trees after localCSE"
	method="/home/vm/host/wasmjit-omr/src/aot/aot-function-builder.cc:153:func_0"
	hotness="warm">

Trees after localCSE: for /home/vm/host/wasmjit-omr/src/aot/aot-function-builder.cc:153:func_0

------------------------------------------------------------------------------------------------------------------------------------------------------------------------
n1n       BBStart <block_2>                                                                   [0x56543d9e9c00] bci=[-1,3,-] rc=0 vc=16 vn=- li=- udi=- nc=0
n5n       astore  _StackBase_1<auto slot 1>[#419  _StackBase_1] [flags 0x10007 0x0 ]          [0x56543d9e9d00] bci=[-1,0,-] rc=0 vc=19 vn=- li=- udi=- nc=1
n3n         aconst NULL                                                                       [0x56543d9e9c80] bci=[-1,0,-] rc=1 vc=19 vn=- li=- udi=- nc=0
n23n      lstore  <temp slot 2>[#420  _T2] [flags 0x10004 0x0 ]                               [0x56543d9ea180] bci=[-1,0,-] rc=0 vc=19 vn=- li=- udi=- nc=1
n14n        lconst 6 (highWordZero )                                                          [0x56543d9e9f40] bci=[-1,0,-] rc=2 vc=19 vn=- li=- udi=- nc=0 flg=0x4000
n30n      treetop                                                                             [0x56543d9ea340] bci=[-1,0,-] rc=0 vc=19 vn=- li=- udi=- nc=1
n27n        icall  /home/vm/host/wasmjit-omr/src/aot/aot-function-builder.cc:0:func_1[#422  static Method] [flags 0x500 0x0 ]  [0x56543d9ea280] bci=[-1,0,-] rc=1 vc=19 vn=- li=- udi=- nc=1
n28n          i2l                                                                             [0x56543d9ea2c0] bci=[-1,0,-] rc=1 vc=19 vn=- li=- udi=- nc=1
n25n            l2i                                                                           [0x56543d9ea200] bci=[-1,0,-] rc=1 vc=19 vn=- li=- udi=- nc=1
n14n              ==>lconst 6
n48n      return                                                                              [0x56543d9ea7c0] bci=[-1,0,-] rc=0 vc=19 vn=- li=- udi=- nc=0
n42n      BBEnd </block_2>                                                                    [0x56543d9ea640] bci=[-1,0,-] rc=0 vc=19 vn=- li=- udi=- nc=0

index:       node global index
bci=[x,y,z]: byte-code-info [callee-index, bytecode-index, line-number]
rc:          reference count
vc:          visit count
vn:          value number
li:          local index
udi:         use/def index
nc:          number of children
addr:        address size in bytes
flg:         node flags

Number of nodes = 11, symRefCount = 423
</trees>

<cfg>
         0 [0x56543da08dc0] entry
                 in        = []
                 out       = [2(0) ]
                 exception in  = []
                 exception out = []
         1 [0x56543da08cd0] exit
                 in        = [2(0) ]
                 out       = []
                 exception in  = []
                 exception out = []
         2 [0x56543da08f10] BBStart at 0x56543d9e9c00
                 in        = [0(0) ]
                 out       = [1(0) ]
                 exception in  = []
                 exception out = []

</cfg>
</optimization>

<optimization id=5 name=basicBlockOrdering method=/home/vm/host/wasmjit-omr/src/aot/aot-function-builder.cc:153:func_0>
Performing 5: basicBlockOrdering
            (Doing structural analysis)
[    19] O^O ORDER BLOCKS:  Propagating coldness information
[    20] O^O ORDER BLOCKS:  choose best successor for block_0 (freq:10000)
[    21] O^O ORDER BLOCKS:  choose best successor for block_2 (freq:10000)
[    22] O^O ORDER BLOCKS:  choose best successor for block_1 (freq:10000)
<trees
	title="Trees after basicBlockOrdering"
	method="/home/vm/host/wasmjit-omr/src/aot/aot-function-builder.cc:153:func_0"
	hotness="warm">

Trees after basicBlockOrdering: for /home/vm/host/wasmjit-omr/src/aot/aot-function-builder.cc:153:func_0

------------------------------------------------------------------------------------------------------------------------------------------------------------------------
n1n       BBStart <block_2> (freq 10000)                                                      [0x56543d9e9c00] bci=[-1,3,-] rc=0 vc=16 vn=- li=- udi=- nc=0
n5n       astore  _StackBase_1<auto slot 1>[#419  _StackBase_1] [flags 0x10007 0x0 ]          [0x56543d9e9d00] bci=[-1,0,-] rc=0 vc=19 vn=- li=- udi=- nc=1
n3n         aconst NULL                                                                       [0x56543d9e9c80] bci=[-1,0,-] rc=1 vc=19 vn=- li=- udi=- nc=0
n23n      lstore  <temp slot 2>[#420  _T2] [flags 0x10004 0x0 ]                               [0x56543d9ea180] bci=[-1,0,-] rc=0 vc=19 vn=- li=- udi=- nc=1
n14n        lconst 6 (highWordZero )                                                          [0x56543d9e9f40] bci=[-1,0,-] rc=2 vc=19 vn=- li=- udi=- nc=0 flg=0x4000
n30n      treetop                                                                             [0x56543d9ea340] bci=[-1,0,-] rc=0 vc=19 vn=- li=- udi=- nc=1
n27n        icall  /home/vm/host/wasmjit-omr/src/aot/aot-function-builder.cc:0:func_1[#422  static Method] [flags 0x500 0x0 ]  [0x56543d9ea280] bci=[-1,0,-] rc=1 vc=19 vn=- li=- udi=- nc=1
n28n          i2l                                                                             [0x56543d9ea2c0] bci=[-1,0,-] rc=1 vc=19 vn=- li=- udi=- nc=1
n25n            l2i                                                                           [0x56543d9ea200] bci=[-1,0,-] rc=1 vc=19 vn=- li=- udi=- nc=1
n14n              ==>lconst 6
n48n      return                                                                              [0x56543d9ea7c0] bci=[-1,0,-] rc=0 vc=19 vn=- li=- udi=- nc=0
n42n      BBEnd </block_2>                                                                    [0x56543d9ea640] bci=[-1,0,-] rc=0 vc=19 vn=- li=- udi=- nc=0

index:       node global index
bci=[x,y,z]: byte-code-info [callee-index, bytecode-index, line-number]
rc:          reference count
vc:          visit count
vn:          value number
li:          local index
udi:         use/def index
nc:          number of children
addr:        address size in bytes
flg:         node flags

Number of nodes = 11, symRefCount = 423
</trees>

<cfg>
         0 [0x56543da08dc0] entry
                 in        = []
                 out       = [2(10000) ]
                 exception in  = []
                 exception out = []
         1 [0x56543da08cd0] exit
                 in        = [2(10000) ]
                 out       = []
                 exception in  = []
                 exception out = []
         2 [0x56543da08f10] BBStart at 0x56543d9e9c00, frequency = 10000
                 in        = [0(10000) ]
                 out       = [1(10000) ]
                 exception in  = []
                 exception out = []
<structure>
      0 [0x56543da07d80] Acyclic region
         Subgraph: (* = exit edge)
               (0x56543da07e50:0x56543da07d20)0 --> 2(0x56543da07ee0)
               (0x56543da07ee0:0x56543da07c60)2 --> 1(0x56543da07fc0)
               (0x56543da07fc0:0x56543da07cc0)1 -->
         0 [0x56543da07d20] Block
         2 [0x56543da07c60] Block
         1 [0x56543da07cc0] Block
</structure>
</cfg>
</optimization>

<optimization id=6 name=globalCopyPropagation method=/home/vm/host/wasmjit-omr/src/aot/aot-function-builder.cc:153:func_0>
Performing 6: globalCopyPropagation
            (Building use/def info)
              (Invalidating use/def info)
<trees
	title="Trees after globalCopyPropagation"
	method="/home/vm/host/wasmjit-omr/src/aot/aot-function-builder.cc:153:func_0"
	hotness="warm">

Trees after globalCopyPropagation: for /home/vm/host/wasmjit-omr/src/aot/aot-function-builder.cc:153:func_0

------------------------------------------------------------------------------------------------------------------------------------------------------------------------
n1n       BBStart <block_2> (freq 10000)                                                      [0x56543d9e9c00] bci=[-1,3,-] rc=0 vc=30 vn=- li=- udi=- nc=0
n5n       astore  _StackBase_1<auto slot 1>[#419  _StackBase_1] [flags 0x10007 0x0 ]          [0x56543d9e9d00] bci=[-1,0,-] rc=0 vc=30 vn=- li=- udi=1 nc=1
n3n         aconst NULL                                                                       [0x56543d9e9c80] bci=[-1,0,-] rc=1 vc=30 vn=- li=- udi=- nc=0
n23n      lstore  <temp slot 2>[#420  _T2] [flags 0x10004 0x0 ]                               [0x56543d9ea180] bci=[-1,0,-] rc=0 vc=30 vn=- li=- udi=2 nc=1
n14n        lconst 6 (highWordZero )                                                          [0x56543d9e9f40] bci=[-1,0,-] rc=2 vc=30 vn=- li=- udi=- nc=0 flg=0x4000
n30n      treetop                                                                             [0x56543d9ea340] bci=[-1,0,-] rc=0 vc=30 vn=- li=- udi=- nc=1
n27n        icall  /home/vm/host/wasmjit-omr/src/aot/aot-function-builder.cc:0:func_1[#422  static Method] [flags 0x500 0x0 ]  [0x56543d9ea280] bci=[-1,0,-] rc=1 vc=30 vn=- li=- udi=- nc=1
n28n          i2l                                                                             [0x56543d9ea2c0] bci=[-1,0,-] rc=1 vc=30 vn=- li=- udi=- nc=1
n25n            l2i                                                                           [0x56543d9ea200] bci=[-1,0,-] rc=1 vc=30 vn=- li=- udi=- nc=1
n14n              ==>lconst 6
n48n      return                                                                              [0x56543d9ea7c0] bci=[-1,0,-] rc=0 vc=30 vn=- li=- udi=- nc=0
n42n      BBEnd </block_2>                                                                    [0x56543d9ea640] bci=[-1,0,-] rc=0 vc=30 vn=- li=- udi=- nc=0

index:       node global index
bci=[x,y,z]: byte-code-info [callee-index, bytecode-index, line-number]
rc:          reference count
vc:          visit count
vn:          value number
li:          local index
udi:         use/def index
nc:          number of children
addr:        address size in bytes
flg:         node flags

Number of nodes = 11, symRefCount = 423
</trees>

<cfg>
         0 [0x56543da08dc0] entry
                 in        = []
                 out       = [2(10000) ]
                 exception in  = []
                 exception out = []
         1 [0x56543da08cd0] exit
                 in        = [2(10000) ]
                 out       = []
                 exception in  = []
                 exception out = []
         2 [0x56543da08f10] BBStart at 0x56543d9e9c00, frequency = 10000
                 in        = [0(10000) ]
                 out       = [1(10000) ]
                 exception in  = []
                 exception out = []
<structure>
      0 [0x56543da07d80] Acyclic region
         Subgraph: (* = exit edge)
               (0x56543da07e50:0x56543da07d20)0 --> 2(0x56543da07ee0)
               (0x56543da07ee0:0x56543da07c60)2 --> 1(0x56543da07fc0)
               (0x56543da07fc0:0x56543da07cc0)1 -->
         0 [0x56543da07d20] Block
         2 [0x56543da07c60] Block
         1 [0x56543da07cc0] Block
</structure>
</cfg>
</optimization>

<optimization id=8 name=deadTreesElimination method=/home/vm/host/wasmjit-omr/src/aot/aot-function-builder.cc:153:func_0>
Performing 8: deadTreesElimination
         No transformations done by this pass -- omitting listings
</optimization>

<optimization id=9 name=treeSimplification method=/home/vm/host/wasmjit-omr/src/aot/aot-function-builder.cc:153:func_0>
Performing 9: treeSimplification
[    23] O^O TREE SIMPLIFICATION: Constant folding node [0x56543d9ea200] l2i          to iconst 6
[    24] O^O TREE SIMPLIFICATION: Constant folding node [0x56543d9ea2c0] i2l          to lconst          0x6
<trees
	title="Trees after treeSimplification"
	method="/home/vm/host/wasmjit-omr/src/aot/aot-function-builder.cc:153:func_0"
	hotness="warm">

Trees after treeSimplification: for /home/vm/host/wasmjit-omr/src/aot/aot-function-builder.cc:153:func_0

------------------------------------------------------------------------------------------------------------------------------------------------------------------------
n1n       BBStart <block_2> (freq 10000)                                                      [0x56543d9e9c00] bci=[-1,3,-] rc=0 vc=36 vn=- li=- udi=- nc=0
n5n       astore  _StackBase_1<auto slot 1>[#419  _StackBase_1] [flags 0x10007 0x0 ]          [0x56543d9e9d00] bci=[-1,0,-] rc=0 vc=36 vn=- li=- udi=1 nc=1
n3n         aconst NULL                                                                       [0x56543d9e9c80] bci=[-1,0,-] rc=1 vc=36 vn=- li=- udi=- nc=0
n23n      lstore  <temp slot 2>[#420  _T2] [flags 0x10004 0x0 ]                               [0x56543d9ea180] bci=[-1,0,-] rc=0 vc=36 vn=- li=- udi=2 nc=1
n14n        lconst 6 (highWordZero )                                                          [0x56543d9e9f40] bci=[-1,0,-] rc=1 vc=36 vn=- li=- udi=- nc=0 flg=0x4000
n30n      treetop                                                                             [0x56543d9ea340] bci=[-1,0,-] rc=0 vc=36 vn=- li=- udi=- nc=1
n27n        icall  /home/vm/host/wasmjit-omr/src/aot/aot-function-builder.cc:0:func_1[#422  static Method] [flags 0x500 0x0 ]  [0x56543d9ea280] bci=[-1,0,-] rc=1 vc=36 vn=- li=- udi=- nc=1
n28n          lconst 6 (highWordZero )                                                        [0x56543d9ea2c0] bci=[-1,0,-] rc=1 vc=36 vn=- li=- udi=- nc=0 flg=0x4000
n48n      return                                                                              [0x56543d9ea7c0] bci=[-1,0,-] rc=0 vc=36 vn=- li=- udi=- nc=0
n42n      BBEnd </block_2>                                                                    [0x56543d9ea640] bci=[-1,0,-] rc=0 vc=36 vn=- li=- udi=- nc=0

index:       node global index
bci=[x,y,z]: byte-code-info [callee-index, bytecode-index, line-number]
rc:          reference count
vc:          visit count
vn:          value number
li:          local index
udi:         use/def index
nc:          number of children
addr:        address size in bytes
flg:         node flags

Number of nodes = 10, symRefCount = 423
</trees>

<cfg>
         0 [0x56543da08dc0] entry
                 in        = []
                 out       = [2(10000) ]
                 exception in  = []
                 exception out = []
         1 [0x56543da08cd0] exit
                 in        = [2(10000) ]
                 out       = []
                 exception in  = []
                 exception out = []
         2 [0x56543da08f10] BBStart at 0x56543d9e9c00, frequency = 10000
                 in        = [0(10000) ]
                 out       = [1(10000) ]
                 exception in  = []
                 exception out = []
<structure>
      0 [0x56543da07d80] Acyclic region
         Subgraph: (* = exit edge)
               (0x56543da07e50:0x56543da07d20)0 --> 2(0x56543da07ee0)
               (0x56543da07ee0:0x56543da07c60)2 --> 1(0x56543da07fc0)
               (0x56543da07fc0:0x56543da07cc0)1 -->
         0 [0x56543da07d20] Block
         2 [0x56543da07c60] Block
         1 [0x56543da07cc0] Block
</structure>
</cfg>
</optimization>

<optimization id=10 name=basicBlockHoisting method=/home/vm/host/wasmjit-omr/src/aot/aot-function-builder.cc:153:func_0>
Performing 10: basicBlockHoisting
         No transformations done by this pass -- omitting listings
</optimization>

<optimization id=11 name=treeSimplification method=/home/vm/host/wasmjit-omr/src/aot/aot-function-builder.cc:153:func_0>
Performing 11: treeSimplification
         No transformations done by this pass -- omitting listings
</optimization>

<optimization id=13 name=localValuePropagation method=/home/vm/host/wasmjit-omr/src/aot/aot-function-builder.cc:153:func_0>
Performing 13: localValuePropagation
         No transformations done by this pass -- omitting listings
</optimization>

<optimization id=14 name=switchAnalyzer method=/home/vm/host/wasmjit-omr/src/aot/aot-function-builder.cc:153:func_0>
Performing 14: switchAnalyzer
         No transformations done by this pass -- omitting listings
</optimization>

<optimization id=15 name=localCSE method=/home/vm/host/wasmjit-omr/src/aot/aot-function-builder.cc:153:func_0>
Performing 15: localCSE
[    25] O^O LOCAL COMMON SUBEXPRESSION ELIMINATION:    Local Common Subexpression Elimination commoning node : 0x56543d9ea2c0 by available node : 0x56543d9e9f40
<trees
	title="Trees after localCSE"
	method="/home/vm/host/wasmjit-omr/src/aot/aot-function-builder.cc:153:func_0"
	hotness="warm">

Trees after localCSE: for /home/vm/host/wasmjit-omr/src/aot/aot-function-builder.cc:153:func_0

------------------------------------------------------------------------------------------------------------------------------------------------------------------------
n1n       BBStart <block_2> (freq 10000)                                                      [0x56543d9e9c00] bci=[-1,3,-] rc=0 vc=41 vn=- li=- udi=- nc=0
n5n       astore  _StackBase_1<auto slot 1>[#419  _StackBase_1] [flags 0x10007 0x0 ] (X==0 )  [0x56543d9e9d00] bci=[-1,0,-] rc=0 vc=44 vn=- li=- udi=1 nc=1 flg=0x2
n3n         aconst NULL (X==0 )                                                               [0x56543d9e9c80] bci=[-1,0,-] rc=1 vc=44 vn=- li=- udi=- nc=0 flg=0x2
n23n      lstore  <temp slot 2>[#420  _T2] [flags 0x10004 0x0 ]                               [0x56543d9ea180] bci=[-1,0,-] rc=0 vc=44 vn=- li=- udi=2 nc=1
n14n        lconst 6 (highWordZero X!=0 X>=0 )                                                [0x56543d9e9f40] bci=[-1,0,-] rc=2 vc=44 vn=- li=- udi=- nc=0 flg=0x4104
n30n      treetop                                                                             [0x56543d9ea340] bci=[-1,0,-] rc=0 vc=44 vn=- li=- udi=- nc=1
n27n        icall  /home/vm/host/wasmjit-omr/src/aot/aot-function-builder.cc:0:func_1[#422  static Method] [flags 0x500 0x0 ]  [0x56543d9ea280] bci=[-1,0,-] rc=1 vc=44 vn=- li=- udi=- nc=1
n14n          ==>lconst 6
n48n      return                                                                              [0x56543d9ea7c0] bci=[-1,0,-] rc=0 vc=44 vn=- li=- udi=- nc=0
n42n      BBEnd </block_2>                                                                    [0x56543d9ea640] bci=[-1,0,-] rc=0 vc=44 vn=- li=- udi=- nc=0

index:       node global index
bci=[x,y,z]: byte-code-info [callee-index, bytecode-index, line-number]
rc:          reference count
vc:          visit count
vn:          value number
li:          local index
udi:         use/def index
nc:          number of children
addr:        address size in bytes
flg:         node flags

Number of nodes = 9, symRefCount = 423
</trees>

<cfg>
         0 [0x56543da08dc0] entry
                 in        = []
                 out       = [2(10000) ]
                 exception in  = []
                 exception out = []
         1 [0x56543da08cd0] exit
                 in        = [2(10000) ]
                 out       = []
                 exception in  = []
                 exception out = []
         2 [0x56543da08f10] BBStart at 0x56543d9e9c00, frequency = 10000
                 in        = [0(10000) ]
                 out       = [1(10000) ]
                 exception in  = []
                 exception out = []
<structure>
      0 [0x56543da07d80] Acyclic region
         Subgraph: (* = exit edge)
               (0x56543da07e50:0x56543da07d20)0 --> 2(0x56543da07ee0)
               (0x56543da07ee0:0x56543da07c60)2 --> 1(0x56543da07fc0)
               (0x56543da07fc0:0x56543da07cc0)1 -->
         0 [0x56543da07d20] Block
         2 [0x56543da07c60] Block
         1 [0x56543da07cc0] Block
</structure>
</cfg>
</optimization>

<optimization id=16 name=treeSimplification method=/home/vm/host/wasmjit-omr/src/aot/aot-function-builder.cc:153:func_0>
Performing 16: treeSimplification
         No transformations done by this pass -- omitting listings
</optimization>

<optimization id=22 name=basicBlockExtension method=/home/vm/host/wasmjit-omr/src/aot/aot-function-builder.cc:153:func_0>
Performing 22: basicBlockExtension
[    26] O^O ORDER BLOCKS:  Propagating coldness information
[    27] O^O ORDER BLOCKS:  choose best successor for block_0 (freq:10000)
[    28] O^O ORDER BLOCKS:  choose best successor for block_2 (freq:10000)
[    29] O^O ORDER BLOCKS:  choose best successor for block_1 (freq:10000)
<trees
	title="Trees after basicBlockExtension"
	method="/home/vm/host/wasmjit-omr/src/aot/aot-function-builder.cc:153:func_0"
	hotness="warm">

Trees after basicBlockExtension: for /home/vm/host/wasmjit-omr/src/aot/aot-function-builder.cc:153:func_0

------------------------------------------------------------------------------------------------------------------------------------------------------------------------
n1n       BBStart <block_2> (freq 10000)                                                      [0x56543d9e9c00] bci=[-1,3,-] rc=0 vc=47 vn=- li=- udi=- nc=0
n5n       astore  _StackBase_1<auto slot 1>[#419  _StackBase_1] [flags 0x10007 0x0 ] (X==0 )  [0x56543d9e9d00] bci=[-1,0,-] rc=0 vc=47 vn=- li=- udi=1 nc=1 flg=0x2
n3n         aconst NULL (X==0 )                                                               [0x56543d9e9c80] bci=[-1,0,-] rc=1 vc=47 vn=- li=- udi=- nc=0 flg=0x2
n23n      lstore  <temp slot 2>[#420  _T2] [flags 0x10004 0x0 ]                               [0x56543d9ea180] bci=[-1,0,-] rc=0 vc=47 vn=- li=- udi=2 nc=1
n14n        lconst 6 (highWordZero X!=0 X>=0 )                                                [0x56543d9e9f40] bci=[-1,0,-] rc=2 vc=47 vn=- li=- udi=- nc=0 flg=0x4104
n30n      treetop                                                                             [0x56543d9ea340] bci=[-1,0,-] rc=0 vc=47 vn=- li=- udi=- nc=1
n27n        icall  /home/vm/host/wasmjit-omr/src/aot/aot-function-builder.cc:0:func_1[#422  static Method] [flags 0x500 0x0 ]  [0x56543d9ea280] bci=[-1,0,-] rc=1 vc=47 vn=- li=- udi=- nc=1
n14n          ==>lconst 6
n48n      return                                                                              [0x56543d9ea7c0] bci=[-1,0,-] rc=0 vc=47 vn=- li=- udi=- nc=0
n42n      BBEnd </block_2>                                                                    [0x56543d9ea640] bci=[-1,0,-] rc=0 vc=47 vn=- li=- udi=- nc=0

index:       node global index
bci=[x,y,z]: byte-code-info [callee-index, bytecode-index, line-number]
rc:          reference count
vc:          visit count
vn:          value number
li:          local index
udi:         use/def index
nc:          number of children
addr:        address size in bytes
flg:         node flags

Number of nodes = 9, symRefCount = 423
</trees>

<cfg>
         0 [0x56543da08dc0] entry
                 in        = []
                 out       = [2(10000) ]
                 exception in  = []
                 exception out = []
         1 [0x56543da08cd0] exit
                 in        = [2(10000) ]
                 out       = []
                 exception in  = []
                 exception out = []
         2 [0x56543da08f10] BBStart at 0x56543d9e9c00, frequency = 10000
                 in        = [0(10000) ]
                 out       = [1(10000) ]
                 exception in  = []
                 exception out = []
<structure>
      0 [0x56543da07d80] Acyclic region
         Subgraph: (* = exit edge)
               (0x56543da07e50:0x56543da07d20)0 --> 2(0x56543da07ee0)
               (0x56543da07ee0:0x56543da07c60)2 --> 1(0x56543da07fc0)
               (0x56543da07fc0:0x56543da07cc0)1 -->
         0 [0x56543da07d20] Block
         2 [0x56543da07c60] Block
         1 [0x56543da07cc0] Block
</structure>
</cfg>
</optimization>

<optimization id=23 name=treeSimplification method=/home/vm/host/wasmjit-omr/src/aot/aot-function-builder.cc:153:func_0>
Performing 23: treeSimplification
         No transformations done by this pass -- omitting listings
</optimization>

<optimization id=24 name=localCSE method=/home/vm/host/wasmjit-omr/src/aot/aot-function-builder.cc:153:func_0>
Performing 24: localCSE
         No transformations done by this pass -- omitting listings
</optimization>

   <optgroup name=cheapTacticalGlobalRegisterAllocatorGroup>
<optimization id=27 name=redundantGotoElimination method=/home/vm/host/wasmjit-omr/src/aot/aot-function-builder.cc:153:func_0>
Performing 27: redundantGotoElimination
         No transformations done by this pass -- omitting listings
</optimization>

<optimization id=28 name=tacticalGlobalRegisterAllocator method=/home/vm/host/wasmjit-omr/src/aot/aot-function-builder.cc:153:func_0>
Performing 28: tacticalGlobalRegisterAllocator
         Weight of candidate (symRef #420 ) is 0
         Weight of candidate (symRef #419 ) is 0
<trees
	title="Trees after tacticalGlobalRegisterAllocator"
	method="/home/vm/host/wasmjit-omr/src/aot/aot-function-builder.cc:153:func_0"
	hotness="warm">

Trees after tacticalGlobalRegisterAllocator: for /home/vm/host/wasmjit-omr/src/aot/aot-function-builder.cc:153:func_0

------------------------------------------------------------------------------------------------------------------------------------------------------------------------
n1n       BBStart <block_2> (freq 10000)                                                      [0x56543d9e9c00] bci=[-1,3,-] rc=0 vc=60 vn=- li=- udi=- nc=0
n5n       astore  _StackBase_1<auto slot 1>[#419  _StackBase_1] [flags 0x10007 0x0 ] (X==0 )  [0x56543d9e9d00] bci=[-1,0,-] rc=0 vc=60 vn=- li=- udi=1 nc=1 flg=0x2
n3n         aconst NULL (X==0 )                                                               [0x56543d9e9c80] bci=[-1,0,-] rc=1 vc=60 vn=- li=- udi=- nc=0 flg=0x2
n23n      lstore  <temp slot 2>[#420  _T2] [flags 0x10004 0x0 ]                               [0x56543d9ea180] bci=[-1,0,-] rc=0 vc=60 vn=- li=- udi=2 nc=1
n14n        lconst 6 (highWordZero X!=0 X>=0 )                                                [0x56543d9e9f40] bci=[-1,0,-] rc=2 vc=60 vn=- li=- udi=- nc=0 flg=0x4104
n30n      treetop                                                                             [0x56543d9ea340] bci=[-1,0,-] rc=0 vc=60 vn=- li=- udi=- nc=1
n27n        icall  /home/vm/host/wasmjit-omr/src/aot/aot-function-builder.cc:0:func_1[#422  static Method] [flags 0x500 0x0 ]  [0x56543d9ea280] bci=[-1,0,-] rc=1 vc=60 vn=- li=- udi=- nc=1
n14n          ==>lconst 6
n48n      return                                                                              [0x56543d9ea7c0] bci=[-1,0,-] rc=0 vc=60 vn=- li=- udi=- nc=0
n42n      BBEnd </block_2>                                                                    [0x56543d9ea640] bci=[-1,0,-] rc=0 vc=60 vn=- li=- udi=- nc=0

index:       node global index
bci=[x,y,z]: byte-code-info [callee-index, bytecode-index, line-number]
rc:          reference count
vc:          visit count
vn:          value number
li:          local index
udi:         use/def index
nc:          number of children
addr:        address size in bytes
flg:         node flags

Number of nodes = 9, symRefCount = 423
</trees>

<cfg>
         0 [0x56543da08dc0] entry
                 in        = []
                 out       = [2(10000) ]
                 exception in  = []
                 exception out = []
         1 [0x56543da08cd0] exit
                 in        = [2(10000) ]
                 out       = []
                 exception in  = []
                 exception out = []
         2 [0x56543da08f10] BBStart at 0x56543d9e9c00, frequency = 10000
                 in        = [0(10000) ]
                 out       = [1(10000) ]
                 exception in  = []
                 exception out = []
<structure>
      0 [0x56543da07d80] Acyclic region
         Subgraph: (* = exit edge)
               (0x56543da07e50:0x56543da07d20)0 --> 2(0x56543da07ee0)
               (0x56543da07ee0:0x56543da07c60)2 --> 1(0x56543da07fc0)
               (0x56543da07fc0:0x56543da07cc0)1 -->
         0 [0x56543da07d20] Block
         2 [0x56543da07c60] Block
         1 [0x56543da07cc0] Block
</structure>
</cfg>
</optimization>

   </optgroup>
   <optgroup name=globalDeadStoreGroup>
<optimization id=30 name=deadTreesElimination method=/home/vm/host/wasmjit-omr/src/aot/aot-function-builder.cc:153:func_0>
Performing 30: deadTreesElimination
         No transformations done by this pass -- omitting listings
</optimization>

   </optgroup>
<optimization id=31 name=rematerialization method=/home/vm/host/wasmjit-omr/src/aot/aot-function-builder.cc:153:func_0>
Performing 31: rematerialization
         No transformations done by this pass -- omitting listings
</optimization>

<optimization id=34 name=regDepCopyRemoval method=/home/vm/host/wasmjit-omr/src/aot/aot-function-builder.cc:153:func_0>
Performing 34: regDepCopyRemoval
         No transformations done by this pass -- omitting listings
</optimization>

<trees
	title="Post Optimization Trees"
	method="/home/vm/host/wasmjit-omr/src/aot/aot-function-builder.cc:153:func_0"
	hotness="warm">

Post Optimization Trees: for /home/vm/host/wasmjit-omr/src/aot/aot-function-builder.cc:153:func_0

------------------------------------------------------------------------------------------------------------------------------------------------------------------------
n1n       BBStart <block_2> (freq 10000)                                                      [0x56543d9e9c00] bci=[-1,3,-] rc=0 vc=69 vn=- li=-1 udi=- nc=0
n5n       astore  _StackBase_1<auto slot 1>[#419  _StackBase_1] [flags 0x10007 0x0 ] (X==0 )  [0x56543d9e9d00] bci=[-1,0,-] rc=0 vc=69 vn=- li=-1 udi=1 nc=1 flg=0x2
n3n         aconst NULL (X==0 )                                                               [0x56543d9e9c80] bci=[-1,0,-] rc=1 vc=69 vn=- li=- udi=- nc=0 flg=0x2
n23n      lstore  <temp slot 2>[#420  _T2] [flags 0x10004 0x0 ]                               [0x56543d9ea180] bci=[-1,0,-] rc=0 vc=69 vn=- li=-1 udi=2 nc=1
n14n        lconst 6 (highWordZero X!=0 X>=0 )                                                [0x56543d9e9f40] bci=[-1,0,-] rc=2 vc=69 vn=- li=- udi=- nc=0 flg=0x4104
n30n      treetop                                                                             [0x56543d9ea340] bci=[-1,0,-] rc=0 vc=69 vn=- li=-1 udi=- nc=1
n27n        icall  /home/vm/host/wasmjit-omr/src/aot/aot-function-builder.cc:0:func_1[#422  static Method] [flags 0x500 0x0 ]  [0x56543d9ea280] bci=[-1,0,-] rc=1 vc=69 vn=- li=- udi=- nc=1
n14n          ==>lconst 6
n48n      return                                                                              [0x56543d9ea7c0] bci=[-1,0,-] rc=0 vc=69 vn=- li=-1 udi=- nc=0
n42n      BBEnd </block_2>                                                                    [0x56543d9ea640] bci=[-1,0,-] rc=0 vc=69 vn=- li=-1 udi=- nc=0

index:       node global index
bci=[x,y,z]: byte-code-info [callee-index, bytecode-index, line-number]
rc:          reference count
vc:          visit count
vn:          value number
li:          local index
udi:         use/def index
nc:          number of children
addr:        address size in bytes
flg:         node flags

Number of nodes = 9, symRefCount = 423
</trees>

<cfg>
         0 [0x56543da08dc0] entry
                 in        = []
                 out       = [2(10000) ]
                 exception in  = []
                 exception out = []
         1 [0x56543da08cd0] exit
                 in        = [2(10000) ]
                 out       = []
                 exception in  = []
                 exception out = []
         2 [0x56543da08f10] BBStart at 0x56543d9e9c00, frequency = 10000
                 in        = [0(10000) ]
                 out       = [1(10000) ]
                 exception in  = []
                 exception out = []
<structure>
      0 [0x56543da07d80] Acyclic region
         Subgraph: (* = exit edge)
               (0x56543da07e50:0x56543da07d20)0 --> 2(0x56543da07ee0)
               (0x56543da07ee0:0x56543da07c60)2 --> 1(0x56543da07fc0)
               (0x56543da07fc0:0x56543da07cc0)1 -->
         0 [0x56543da07d20] Block
         2 [0x56543da07c60] Block
         1 [0x56543da07cc0] Block
</structure>
</cfg>
</optimize>
<codegen
	method="/home/vm/host/wasmjit-omr/src/aot/aot-function-builder.cc:153:func_0"
	hotness="warm">
<LowerTrees>
</LowerTrees>
<trees
	title="Post Lower Trees"
	method="/home/vm/host/wasmjit-omr/src/aot/aot-function-builder.cc:153:func_0"
	hotness="warm">

Post Lower Trees: for /home/vm/host/wasmjit-omr/src/aot/aot-function-builder.cc:153:func_0

------------------------------------------------------------------------------------------------------------------------------------------------------------------------
n1n       BBStart <block_2> (freq 10000)                                                      [0x56543d9e9c00] bci=[-1,3,-] rc=0 vc=70 vn=- li=2 udi=- nc=0
n5n       astore  _StackBase_1<auto slot 1>[#419  _StackBase_1] [flags 0x10007 0x0 ] (X==0 )  [0x56543d9e9d00] bci=[-1,0,-] rc=0 vc=70 vn=- li=2 udi=1 nc=1 flg=0x2
n3n         aconst NULL (X==0 )                                                               [0x56543d9e9c80] bci=[-1,0,-] rc=1 vc=70 vn=- li=2 udi=- nc=0 flg=0x2
n23n      lstore  <temp slot 2>[#420  _T2] [flags 0x10004 0x0 ]                               [0x56543d9ea180] bci=[-1,0,-] rc=0 vc=70 vn=- li=2 udi=2 nc=1
n14n        lconst 6 (highWordZero X!=0 X>=0 )                                                [0x56543d9e9f40] bci=[-1,0,-] rc=2 vc=70 vn=- li=2 udi=- nc=0 flg=0x4104
n30n      treetop                                                                             [0x56543d9ea340] bci=[-1,0,-] rc=0 vc=70 vn=- li=2 udi=- nc=1
n27n        icall  /home/vm/host/wasmjit-omr/src/aot/aot-function-builder.cc:0:func_1[#422  static Method] [flags 0x500 0x0 ]  [0x56543d9ea280] bci=[-1,0,-] rc=1 vc=70 vn=- li=2 udi=- nc=1
n14n          ==>lconst 6
n48n      return                                                                              [0x56543d9ea7c0] bci=[-1,0,-] rc=0 vc=70 vn=- li=2 udi=- nc=0
n42n      BBEnd </block_2>                                                                    [0x56543d9ea640] bci=[-1,0,-] rc=0 vc=70 vn=- li=2 udi=- nc=0

index:       node global index
bci=[x,y,z]: byte-code-info [callee-index, bytecode-index, line-number]
rc:          reference count
vc:          visit count
vn:          value number
li:          local index
udi:         use/def index
nc:          number of children
addr:        address size in bytes
flg:         node flags

Number of nodes = 9, symRefCount = 423
</trees>

<cfg>
         0 [0x56543da08dc0] entry
                 in        = []
                 out       = [2(10000) ]
                 exception in  = []
                 exception out = []
         1 [0x56543da08cd0] exit
                 in        = [2(10000) ]
                 out       = []
                 exception in  = []
                 exception out = []
         2 [0x56543da08f10] BBStart at 0x56543d9e9c00, frequency = 10000
                 in        = [0(10000) ]
                 out       = [1(10000) ]
                 exception in  = []
                 exception out = []
<structure>
      0 [0x56543da07d80] Acyclic region
         Subgraph: (* = exit edge)
               (0x56543da07e50:0x56543da07d20)0 --> 2(0x56543da07ee0)
               (0x56543da07ee0:0x56543da07c60)2 --> 1(0x56543da07fc0)
               (0x56543da07fc0:0x56543da07cc0)1 -->
         0 [0x56543da07d20] Block
         2 [0x56543da07c60] Block
         1 [0x56543da07cc0] Block
</structure>
</cfg>
<trees
	title="Pre Uncommon Call Constant Node Trees"
	method="/home/vm/host/wasmjit-omr/src/aot/aot-function-builder.cc:153:func_0"
	hotness="warm">

Pre Uncommon Call Constant Node Trees: for /home/vm/host/wasmjit-omr/src/aot/aot-function-builder.cc:153:func_0

------------------------------------------------------------------------------------------------------------------------------------------------------------------------
n1n       BBStart <block_2> (freq 10000)                                                      [0x56543d9e9c00] bci=[-1,3,-] rc=0 vc=70 vn=- li=2 udi=- nc=0
n5n       astore  _StackBase_1<auto slot 1>[#419  _StackBase_1] [flags 0x10007 0x0 ] (X==0 )  [0x56543d9e9d00] bci=[-1,0,-] rc=0 vc=70 vn=- li=2 udi=1 nc=1 flg=0x2
n3n         aconst NULL (X==0 )                                                               [0x56543d9e9c80] bci=[-1,0,-] rc=1 vc=70 vn=- li=2 udi=- nc=0 flg=0x2
n23n      lstore  <temp slot 2>[#420  _T2] [flags 0x10004 0x0 ]                               [0x56543d9ea180] bci=[-1,0,-] rc=0 vc=70 vn=- li=2 udi=2 nc=1
n14n        lconst 6 (highWordZero X!=0 X>=0 )                                                [0x56543d9e9f40] bci=[-1,0,-] rc=2 vc=70 vn=- li=2 udi=- nc=0 flg=0x4104
n30n      treetop                                                                             [0x56543d9ea340] bci=[-1,0,-] rc=0 vc=70 vn=- li=2 udi=- nc=1
n27n        icall  /home/vm/host/wasmjit-omr/src/aot/aot-function-builder.cc:0:func_1[#422  static Method] [flags 0x500 0x0 ]  [0x56543d9ea280] bci=[-1,0,-] rc=1 vc=70 vn=- li=2 udi=- nc=1
n14n          ==>lconst 6
n48n      return                                                                              [0x56543d9ea7c0] bci=[-1,0,-] rc=0 vc=70 vn=- li=2 udi=- nc=0
n42n      BBEnd </block_2>                                                                    [0x56543d9ea640] bci=[-1,0,-] rc=0 vc=70 vn=- li=2 udi=- nc=0

index:       node global index
bci=[x,y,z]: byte-code-info [callee-index, bytecode-index, line-number]
rc:          reference count
vc:          visit count
vn:          value number
li:          local index
udi:         use/def index
nc:          number of children
addr:        address size in bytes
flg:         node flags

Number of nodes = 9, symRefCount = 423
</trees>

<cfg>
         0 [0x56543da08dc0] entry
                 in        = []
                 out       = [2(10000) ]
                 exception in  = []
                 exception out = []
         1 [0x56543da08cd0] exit
                 in        = [2(10000) ]
                 out       = []
                 exception in  = []
                 exception out = []
         2 [0x56543da08f10] BBStart at 0x56543d9e9c00, frequency = 10000
                 in        = [0(10000) ]
                 out       = [1(10000) ]
                 exception in  = []
                 exception out = []
<structure>
      0 [0x56543da07d80] Acyclic region
         Subgraph: (* = exit edge)
               (0x56543da07e50:0x56543da07d20)0 --> 2(0x56543da07ee0)
               (0x56543da07ee0:0x56543da07c60)2 --> 1(0x56543da07fc0)
               (0x56543da07fc0:0x56543da07cc0)1 -->
         0 [0x56543da07d20] Block
         2 [0x56543da07c60] Block
         1 [0x56543da07cc0] Block
</structure>
</cfg>
Performing uncommon call constant nodes
Uncommon const node 3D9E9F40 [n14n]
<trees
	title="Post Uncommon Call Constant Node Trees"
	method="/home/vm/host/wasmjit-omr/src/aot/aot-function-builder.cc:153:func_0"
	hotness="warm">

Post Uncommon Call Constant Node Trees: for /home/vm/host/wasmjit-omr/src/aot/aot-function-builder.cc:153:func_0

------------------------------------------------------------------------------------------------------------------------------------------------------------------------
n1n       BBStart <block_2> (freq 10000)                                                      [0x56543d9e9c00] bci=[-1,3,-] rc=0 vc=70 vn=- li=2 udi=- nc=0
n5n       astore  _StackBase_1<auto slot 1>[#419  _StackBase_1] [flags 0x10007 0x0 ] (X==0 )  [0x56543d9e9d00] bci=[-1,0,-] rc=0 vc=70 vn=- li=2 udi=1 nc=1 flg=0x2
n3n         aconst NULL (X==0 )                                                               [0x56543d9e9c80] bci=[-1,0,-] rc=1 vc=70 vn=- li=2 udi=- nc=0 flg=0x2
n23n      lstore  <temp slot 2>[#420  _T2] [flags 0x10004 0x0 ]                               [0x56543d9ea180] bci=[-1,0,-] rc=0 vc=70 vn=- li=2 udi=2 nc=1
n14n        lconst 6 (highWordZero X!=0 X>=0 )                                                [0x56543d9e9f40] bci=[-1,0,-] rc=1 vc=70 vn=- li=2 udi=- nc=0 flg=0x4104
n30n      treetop                                                                             [0x56543d9ea340] bci=[-1,0,-] rc=0 vc=70 vn=- li=2 udi=- nc=1
n27n        icall  /home/vm/host/wasmjit-omr/src/aot/aot-function-builder.cc:0:func_1[#422  static Method] [flags 0x500 0x0 ]  [0x56543d9ea280] bci=[-1,0,-] rc=1 vc=70 vn=- li=2 udi=- nc=1
n52n          lconst 6                                                                        [0x56543d9ea8c0] bci=[-1,0,-] rc=1 vc=0 vn=- li=- udi=- nc=0
n48n      return                                                                              [0x56543d9ea7c0] bci=[-1,0,-] rc=0 vc=70 vn=- li=2 udi=- nc=0
n42n      BBEnd </block_2>                                                                    [0x56543d9ea640] bci=[-1,0,-] rc=0 vc=70 vn=- li=2 udi=- nc=0

index:       node global index
bci=[x,y,z]: byte-code-info [callee-index, bytecode-index, line-number]
rc:          reference count
vc:          visit count
vn:          value number
li:          local index
udi:         use/def index
nc:          number of children
addr:        address size in bytes
flg:         node flags

Number of nodes = 10, symRefCount = 423
</trees>

<cfg>
         0 [0x56543da08dc0] entry
                 in        = []
                 out       = [2(10000) ]
                 exception in  = []
                 exception out = []
         1 [0x56543da08cd0] exit
                 in        = [2(10000) ]
                 out       = []
                 exception in  = []
                 exception out = []
         2 [0x56543da08f10] BBStart at 0x56543d9e9c00, frequency = 10000
                 in        = [0(10000) ]
                 out       = [1(10000) ]
                 exception in  = []
                 exception out = []
<structure>
      0 [0x56543da07d80] Acyclic region
         Subgraph: (* = exit edge)
               (0x56543da07e50:0x56543da07d20)0 --> 2(0x56543da07ee0)
               (0x56543da07ee0:0x56543da07c60)2 --> 1(0x56543da07fc0)
               (0x56543da07fc0:0x56543da07cc0)1 -->
         0 [0x56543da07d20] Block
         2 [0x56543da07c60] Block
         1 [0x56543da07cc0] Block
</structure>
</cfg>
<trees
	title="Pre Instruction Selection Trees"
	method="/home/vm/host/wasmjit-omr/src/aot/aot-function-builder.cc:153:func_0"
	hotness="warm">

Pre Instruction Selection Trees: for /home/vm/host/wasmjit-omr/src/aot/aot-function-builder.cc:153:func_0

------------------------------------------------------------------------------------------------------------------------------------------------------------------------
n1n       BBStart <block_2> (freq 10000)                                                      [0x56543d9e9c00] bci=[-1,3,-] rc=0 vc=71 vn=- li=2 udi=- nc=0
n5n       astore  _StackBase_1<auto slot 1>[#419  _StackBase_1] [flags 0x10007 0x0 ] (X==0 )  [0x56543d9e9d00] bci=[-1,0,-] rc=0 vc=71 vn=- li=2 udi=- nc=1 flg=0x2
n3n         aconst NULL (X==0 )                                                               [0x56543d9e9c80] bci=[-1,0,-] rc=1 vc=71 vn=- li=2 udi=- nc=0 flg=0x2
n23n      lstore  <temp slot 2>[#420  _T2] [flags 0x10004 0x0 ]                               [0x56543d9ea180] bci=[-1,0,-] rc=0 vc=71 vn=- li=2 udi=- nc=1
n14n        lconst 6 (highWordZero X!=0 X>=0 )                                                [0x56543d9e9f40] bci=[-1,0,-] rc=1 vc=71 vn=- li=2 udi=- nc=0 flg=0x4104
n30n      treetop                                                                             [0x56543d9ea340] bci=[-1,0,-] rc=0 vc=71 vn=- li=2 udi=- nc=1
n27n        icall  /home/vm/host/wasmjit-omr/src/aot/aot-function-builder.cc:0:func_1[#422  static Method] [flags 0x500 0x0 ]  [0x56543d9ea280] bci=[-1,0,-] rc=1 vc=71 vn=- li=2 udi=- nc=1
n52n          lconst 6                                                                        [0x56543d9ea8c0] bci=[-1,0,-] rc=1 vc=71 vn=- li=- udi=- nc=0
n48n      return                                                                              [0x56543d9ea7c0] bci=[-1,0,-] rc=0 vc=71 vn=- li=2 udi=- nc=0
n42n      BBEnd </block_2>                                                                    [0x56543d9ea640] bci=[-1,0,-] rc=0 vc=71 vn=- li=2 udi=- nc=0

index:       node global index
bci=[x,y,z]: byte-code-info [callee-index, bytecode-index, line-number]
rc:          reference count
vc:          visit count
vn:          value number
li:          local index
udi:         use/def index
nc:          number of children
addr:        address size in bytes
flg:         node flags

Number of nodes = 10, symRefCount = 423
</trees>

<cfg>
         0 [0x56543da08dc0] entry
                 in        = []
                 out       = [2(10000) ]
                 exception in  = []
                 exception out = []
         1 [0x56543da08cd0] exit
                 in        = [2(10000) ]
                 out       = []
                 exception in  = []
                 exception out = []
         2 [0x56543da08f10] BBStart at 0x56543d9e9c00, frequency = 10000
                 in        = [0(10000) ]
                 out       = [1(10000) ]
                 exception in  = []
                 exception out = []
<structure>
      0 [0x56543da07d80] Acyclic region
         Subgraph: (* = exit edge)
               (0x56543da07e50:0x56543da07d20)0 --> 2(0x56543da07ee0)
               (0x56543da07ee0:0x56543da07c60)2 --> 1(0x56543da07fc0)
               (0x56543da07fc0:0x56543da07cc0)1 -->
         0 [0x56543da07d20] Block
         2 [0x56543da07c60] Block
         1 [0x56543da07cc0] Block
</structure>
</cfg>

Performing Instruction Selection:


============================================================
; Live regs: GPR=0 FPR=0 VRF=0 {}
------------------------------
 n1n      (  0)  BBStart <block_2> (freq 10000)                                                       [0x56543d9e9c00] bci=[-1,3,-] rc=0 vc=71 vn=- li=2 udi=- nc=0
------------------------------
------------------------------
 n1n      (  0)  BBStart <block_2> (freq 10000)                                                       [0x56543d9e9c00] bci=[-1,3,-] rc=0 vc=71 vn=- li=2 udi=- nc=0
------------------------------

 [0x56543da7df60]	Label L0016:			# LABEL
========================================
 [0x56543da7dff0]	Fence Relative [ 0x56543da08fb0 ]	# FENCE BBStart <block_2> (frequency 10000)

============================================================
; Live regs: GPR=0 FPR=0 VRF=0 {}
------------------------------
 n5n      (  0)  astore  _StackBase_1<auto slot 1>[#419  _StackBase_1] [flags 0x10007 0x0 ] (X==0 )   [0x56543d9e9d00] bci=[-1,0,-] rc=0 vc=71 vn=- li=2 udi=- nc=1 flg=0x2
 n3n      (  1)    aconst NULL (X==0 )                                                                [0x56543d9e9c80] bci=[-1,0,-] rc=1 vc=71 vn=- li=2 udi=- nc=0 flg=0x2
------------------------------
------------------------------
 n5n      (  0)  astore  _StackBase_1<auto slot 1>[#419  _StackBase_1] [flags 0x10007 0x0 ] (X==0 )   [0x56543d9e9d00] bci=[-1,0,-] rc=0 vc=71 vn=- li=2 udi=- nc=1 flg=0x2
 n3n      (  0)    aconst NULL (X==0 )                                                                [0x56543d9e9c80] bci=[-1,0,-] rc=0 vc=71 vn=- li=2 udi=- nc=0 flg=0x2
------------------------------

 [0x56543da7e290]	mov	qword ptr [vfp], 0x00000000	# S8MemImm4, SymRef  _StackBase_1<auto slot 1>[#423  _StackBase_1] [flags 0x10007 0x0 ]

============================================================
; Live regs: GPR=0 FPR=0 VRF=0 {}
------------------------------
 n23n     (  0)  lstore  <temp slot 2>[#420  _T2] [flags 0x10004 0x0 ]                                [0x56543d9ea180] bci=[-1,0,-] rc=0 vc=71 vn=- li=2 udi=- nc=1
 n14n     (  1)    lconst 6 (highWordZero X!=0 X>=0 )                                                 [0x56543d9e9f40] bci=[-1,0,-] rc=1 vc=71 vn=- li=2 udi=- nc=0 flg=0x4104
------------------------------
------------------------------
 n23n     (  0)  lstore  <temp slot 2>[#420  _T2] [flags 0x10004 0x0 ]                                [0x56543d9ea180] bci=[-1,0,-] rc=0 vc=71 vn=- li=2 udi=- nc=1
 n14n     (  0)    lconst 6 (highWordZero X!=0 X>=0 )                                                 [0x56543d9e9f40] bci=[-1,0,-] rc=0 vc=71 vn=- li=2 udi=- nc=0 flg=0x4104
------------------------------

 [0x56543da7e610]	mov	qword ptr [vfp], 0x00000006	# S8MemImm4, SymRef  <temp slot 2>[#424  _T2] [flags 0x10004 0x0 ]

============================================================
; Live regs: GPR=0 FPR=0 VRF=0 {}
------------------------------
 n30n     (  0)  treetop                                                                              [0x56543d9ea340] bci=[-1,0,-] rc=0 vc=71 vn=- li=2 udi=- nc=1
 n27n     (  1)    icall  /home/vm/host/wasmjit-omr/src/aot/aot-function-builder.cc:0:func_1[#422  static Method] [flags 0x500 0x0 ]  [0x56543d9ea280] bci=[-1,0,-] rc=1 vc=71 vn=- li=2 udi=- nc=1
 n52n     (  1)      lconst 6                                                                         [0x56543d9ea8c0] bci=[-1,0,-] rc=1 vc=71 vn=- li=- udi=- nc=0
------------------------------
layout param node 0x56543d9ea8c0 in register
------------------------------
 n30n     (  0)  treetop                                                                              [0x56543d9ea340] bci=[-1,0,-] rc=0 vc=71 vn=- li=2 udi=- nc=1
 n27n     (  0)    icall  /home/vm/host/wasmjit-omr/src/aot/aot-function-builder.cc:0:func_1[#422  static Method] [flags 0x500 0x0 ] (in GPR_0041)  [0x56543d9ea280] bci=[-1,0,-] rc=0 vc=71 vn=- li=2 udi=65504 nc=1
 n52n     (  0)      lconst 6 (in GPR_0016)                                                           [0x56543d9ea8c0] bci=[-1,0,-] rc=0 vc=71 vn=- li=- udi=61664 nc=0
------------------------------

 [0x56543da7f1a0]	mov	GPR_0016, 0x00000006	# MOV4RegImm4
 [0x56543da800a0]	mov	GPR_0024, 0x0000000000000012	# MOV8RegImm64
 [0x56543da80360]	assocRegs                       # ASSOCREGS
	POST: None
 [0x56543da80130]	call	GPR_0024			# CALLReg
	 PRE: [GPR_0016 : edi]
 [0x56543da80670]	assocRegs                       # ASSOCREGS
	POST: [GPR_0016 : edi]
 [0x56543da80430]	Label L0017:			# LABEL
	POST: [GPR_0017 : ecx] [GPR_0018 : edx] [GPR_0019 : esi] [GPR_0020 : edi] [GPR_0021 : r8d] [GPR_0022 : r9d] [GPR_0023 : r10d] [GPR_0024 : r11d] [FPR_0025 : xmm0] [FPR_0026 : xmm1] [FPR_0027 : xmm2] [FPR_0028 : xmm3] [FPR_0029 : xmm4] [FPR_0030 : xmm5] [FPR_0031 : xmm6] [FPR_0032 : xmm7] [FPR_0033 : xmm8] [FPR_0034 : xmm9] [FPR_0035 : xmm10] [FPR_0036 : xmm11] [FPR_0037 : xmm12] [FPR_0038 : xmm13] [FPR_0039 : xmm14] [FPR_0040 : xmm15] [GPR_0041 : eax]

============================================================
; Live regs: GPR=0 FPR=0 VRF=0 {}
------------------------------
 n48n     (  0)  return                                                                               [0x56543d9ea7c0] bci=[-1,0,-] rc=0 vc=71 vn=- li=2 udi=- nc=0
------------------------------
------------------------------
 n48n     (  0)  return                                                                               [0x56543d9ea7c0] bci=[-1,0,-] rc=0 vc=71 vn=- li=2 udi=- nc=0
------------------------------

 [0x56543da80c50]	ret                             # RET

============================================================
; Live regs: GPR=0 FPR=0 VRF=0 {}
------------------------------
 n42n     (  0)  BBEnd </block_2>                                                                     [0x56543d9ea640] bci=[-1,0,-] rc=0 vc=71 vn=- li=2 udi=- nc=0
------------------------------
------------------------------
 n42n     (  0)  BBEnd </block_2>                                                                     [0x56543d9ea640] bci=[-1,0,-] rc=0 vc=71 vn=- li=2 udi=- nc=0
------------------------------

 [0x56543da80d50]	Fence Relative [ 0x56543da08fb4 ]	# FENCE BBEnd </block_2>
 [0x56543da80f80]	assocRegs                       # ASSOCREGS
	POST: [GPR_0041 : eax] [GPR_0017 : ecx] [GPR_0018 : edx] [GPR_0020 : edi] [GPR_0019 : esi] [GPR_0021 : r8d] [GPR_0022 : r9d] [GPR_0023 : r10d] [GPR_0024 : r11d]
 [0x56543da81050]	Label L0018:			# LABEL

============================================================

<instructions
	title="Post Instruction Selection Instructions"
	method="/home/vm/host/wasmjit-omr/src/aot/aot-function-builder.cc:153:func_0"
	hotness="warm">

                +--------------------------------------- instruction address
                |       +------------------------------------------ 
                |       |       +----------------------------------------- instruction
                |       |       |
                V       V       V
 [0x56543da7dde0]	.int	0x00000000		# DDImm4
 [0x56543da7de60]	ProcEntry                       # PROCENTRY
 [0x56543da7df60]	Label L0016:			# LABEL
========================================
 [0x56543da7dff0]	Fence Relative [ 0x56543da08fb0 ]	# FENCE BBStart <block_2> (frequency 10000)
 [0x56543da7e290]	mov	qword ptr [vfp], 0x00000000	# S8MemImm4, SymRef  _StackBase_1<auto slot 1>[#423  _StackBase_1] [flags 0x10007 0x0 ]
 [0x56543da7e610]	mov	qword ptr [vfp], 0x00000006	# S8MemImm4, SymRef  <temp slot 2>[#424  _T2] [flags 0x10004 0x0 ]
 [0x56543da7f1a0]	mov	GPR_0016, 0x00000006	# MOV4RegImm4
 [0x56543da800a0]	mov	GPR_0024, 0x0000000000000012	# MOV8RegImm64
 [0x56543da80360]	assocRegs                       # ASSOCREGS
	POST: None
 [0x56543da80130]	call	GPR_0024			# CALLReg
	 PRE: [GPR_0016 : edi]
 [0x56543da80670]	assocRegs                       # ASSOCREGS
	POST: [GPR_0016 : edi]
 [0x56543da80430]	Label L0017:			# LABEL
	POST: [GPR_0017 : ecx] [GPR_0018 : edx] [GPR_0019 : esi] [GPR_0020 : edi] [GPR_0021 : r8d] [GPR_0022 : r9d] [GPR_0023 : r10d] [GPR_0024 : r11d] [FPR_0025 : xmm0] [FPR_0026 : xmm1] [FPR_0027 : xmm2] [FPR_0028 : xmm3] [FPR_0029 : xmm4] [FPR_0030 : xmm5] [FPR_0031 : xmm6] [FPR_0032 : xmm7] [FPR_0033 : xmm8] [FPR_0034 : xmm9] [FPR_0035 : xmm10] [FPR_0036 : xmm11] [FPR_0037 : xmm12] [FPR_0038 : xmm13] [FPR_0039 : xmm14] [FPR_0040 : xmm15] [GPR_0041 : eax]
 [0x56543da80c50]	ret                             # RET
 [0x56543da80d50]	Fence Relative [ 0x56543da08fb4 ]	# FENCE BBEnd </block_2>
 [0x56543da80f80]	assocRegs                       # ASSOCREGS
	POST: [GPR_0041 : eax] [GPR_0017 : ecx] [GPR_0018 : edx] [GPR_0020 : edi] [GPR_0019 : esi] [GPR_0021 : r8d] [GPR_0022 : r9d] [GPR_0023 : r10d] [GPR_0024 : r11d]
 [0x56543da81050]	Label L0018:			# LABEL
</instructions>

<instructions
	title="Post Register Assignment Instructions"
	method="/home/vm/host/wasmjit-omr/src/aot/aot-function-builder.cc:153:func_0"
	hotness="warm">

                +--------------------------------------- instruction address
                |       +------------------------------------------ 
                |       |       +----------------------------------------- instruction
                |       |       |
                V       V       V
 [0x56543da7dde0]	.int	0x00000000		# DDImm4
 [0x56543da7de60]	ProcEntry                       # PROCENTRY
 [0x56543da7df60]	Label L0016:			# LABEL
========================================
 [0x56543da7dff0]	Fence Relative [ 0x56543da08fb0 ]	# FENCE BBStart <block_2> (frequency 10000)
 [0x56543da7e290]	mov	qword ptr [vfp], 0x00000000	# S8MemImm4, SymRef  _StackBase_1<auto slot 1>[#423  _StackBase_1] [flags 0x10007 0x0 ]
 [0x56543da7e610]	mov	qword ptr [vfp], 0x00000006	# S8MemImm4, SymRef  <temp slot 2>[#424  _T2] [flags 0x10004 0x0 ]
 [0x56543da7f1a0]	mov	edi, 0x00000006	# MOV4RegImm4
 [0x56543da800a0]	mov	r11, 0x0000000000000012	# MOV8RegImm64
 [0x56543da80360]	assocRegs                       # ASSOCREGS
 [0x56543da80130]	call	r11d			# CALLReg
 [0x56543da80670]	assocRegs                       # ASSOCREGS
 [0x56543da80430]	Label L0017:			# LABEL
 [0x56543da80c50]	ret                             # RET
 [0x56543da80d50]	Fence Relative [ 0x56543da08fb4 ]	# FENCE BBEnd </block_2>
 [0x56543da80f80]	assocRegs                       # ASSOCREGS
 [0x56543da81050]	Label L0018:			# LABEL
</instructions>

<instructions
	title="Post Stack Map"
	method="/home/vm/host/wasmjit-omr/src/aot/aot-function-builder.cc:153:func_0"
	hotness="warm">

 [0x56543da7dde0]	.int	0x00000000		# DDImm4
 [0x56543da7de60]	ProcEntry                       # PROCENTRY
 [0x56543da7df60]	Label L0016:			# LABEL
========================================
 [0x56543da7dff0]	Fence Relative [ 0x56543da08fb0 ]	# FENCE BBStart <block_2> (frequency 10000)
 [0x56543da7e290]	mov	qword ptr [vfp-0x10], 0x00000000	# S8MemImm4, SymRef  _StackBase_1<auto slot 1>[#423  _StackBase_1] [flags 0x10007 0x0 ]
 [0x56543da7e610]	mov	qword ptr [vfp-0x8], 0x00000006	# S8MemImm4, SymRef  <temp slot 2>[#424  _T2] [flags 0x10004 0x0 ]
 [0x56543da7f1a0]	mov	edi, 0x00000006	# MOV4RegImm4
 [0x56543da800a0]	mov	r11, 0x0000000000000012	# MOV8RegImm64
 [0x56543da80360]	assocRegs                       # ASSOCREGS
 [0x56543da80130]	call	r11d			# CALLReg
 [0x56543da80670]	assocRegs                       # ASSOCREGS
 [0x56543da80430]	Label L0017:			# LABEL
 [0x56543da80c50]	ret                             # RET
 [0x56543da80d50]	Fence Relative [ 0x56543da08fb4 ]	# FENCE BBEnd </block_2>
 [0x56543da80f80]	assocRegs                       # ASSOCREGS
 [0x56543da81050]	Label L0018:			# LABEL
</instructions>

<instructions
	title="Post Peephole Instructions"
	method="/home/vm/host/wasmjit-omr/src/aot/aot-function-builder.cc:153:func_0"
	hotness="warm">

 [0x56543da7dde0]	.int	0x00000000		# DDImm4
 [0x56543da7de60]	ProcEntry                       # PROCENTRY
 [0x56543da7df60]	Label L0016:			# LABEL
========================================
 [0x56543da7dff0]	Fence Relative [ 0x56543da08fb0 ]	# FENCE BBStart <block_2> (frequency 10000)
 [0x56543da7e290]	mov	qword ptr [vfp-0x10], 0x00000000	# S8MemImm4, SymRef  _StackBase_1<auto slot 1>[#423  _StackBase_1 -16] [flags 0x10007 0x0 ]
 [0x56543da7e610]	mov	qword ptr [vfp-0x8], 0x00000006	# S8MemImm4, SymRef  <temp slot 2>[#424  _T2 -8] [flags 0x10004 0x0 ]
 [0x56543da7f1a0]	mov	edi, 0x00000006	# MOV4RegImm4
 [0x56543da800a0]	mov	r11, 0x0000000000000012	# MOV8RegImm64
 [0x56543da80360]	assocRegs                       # ASSOCREGS
 [0x56543da80130]	call	r11d			# CALLReg
 [0x56543da80670]	assocRegs                       # ASSOCREGS
 [0x56543da80430]	Label L0017:			# LABEL
 [0x56543da80c50]	ret                             # RET
 [0x56543da80d50]	Fence Relative [ 0x56543da08fb4 ]	# FENCE BBEnd </block_2>
 [0x56543da80f80]	assocRegs                       # ASSOCREGS
 [0x56543da81050]	Label L0018:			# LABEL
</instructions>
<proepilogue>
create prologue using system linkage, after savePreservedRegisters, cursor is 0x56543da824f0.
create prologue using system linkage, after copyParametersToHomeLocation, cursor is 0x56543da824f0.
reg 16, getHasBeenAssignedInMethod 0
reg 15, getHasBeenAssignedInMethod 0
reg 14, getHasBeenAssignedInMethod 0
reg 13, getHasBeenAssignedInMethod 0
reg 2, getHasBeenAssignedInMethod 0
create epilogue using system linkage, after restorePreservedRegisters, cursor is 3da80430.
create epilogue using system linkage, after delocating stack frame, cursor is 3da82570.
</proepilogue>
<encode>
</encode>

<instructions
	title="Post Binary Instructions"
	method="/home/vm/host/wasmjit-omr/src/aot/aot-function-builder.cc:153:func_0"
	hotness="warm">

                 +--------------------------------------- instruction address
                 |        +----------------------------------------- instruction offset from start of method
                 |        |                   +------------------------------------------ corresponding TR::Instruction instance
                 |        |                   |  +-------------------------------------------------- code bytes
                 |        |                   |  |                          +-------------------------------------- opcode and operands
                 |        |                   |  |                          |				+----------- additional information
                 |        |                   |  |                          |				|
                 V        V                   V  V                          V				V
0x7f4b0e565030 fffffffc [0x56543da7dde0] 00 00 00 00                        .int	0x00000000		# DDImm4
0x7f4b0e565034 00000000 [0x56543da823e0]                                    nop (0 bytes)		# Align patchable code @32 [0x0:2]
0x7f4b0e565034 00000000 [0x56543da7de60]                                    ProcEntry                       # PROCENTRY
0x7f4b0e565034 00000000 [0x56543da824f0] 48 83 ec 28                        sub	rsp, 0x00000028	# SUB8RegImms
0x7f4b0e565038 00000004 [0x56543da82470]                                    vfpSave			# AdjustFramePtr
0x7f4b0e565038 00000004 [0x56543da7df60]                                    Label L0016:			# LABEL
========================================
0x7f4b0e565038 00000004 [0x56543da7dff0]                                    Fence Relative [ 0x56543da08fb0 ]	# FENCE BBStart <block_2> (frequency 10000)
0x7f4b0e565038 00000004 [0x56543da7e290] 48 c7 44 24 18 00 00 00 00         mov	qword ptr [rsp+0x18], 0x00000000	# S8MemImm4, SymRef  _StackBase_1<auto slot 1>[#423  _StackBase_1 +24] [flags 0x10007 0x0 ]
0x7f4b0e565041 0000000d [0x56543da7e610] 48 c7 44 24 20 06 00 00 00         mov	qword ptr [rsp+0x20], 0x00000006	# S8MemImm4, SymRef  <temp slot 2>[#424  _T2 +32] [flags 0x10004 0x0 ]
0x7f4b0e56504a 00000016 [0x56543da7f1a0] bf 06 00 00 00                     mov	edi, 0x00000006	# MOV4RegImm4
0x7f4b0e56504f 0000001b [0x56543da800a0] 49 bb 12 00 00 00 00 00 00 00      mov	r11, 0x0000000000000012	# MOV8RegImm64
0x7f4b0e565059 00000025 [0x56543da80360]                                    assocRegs                       # ASSOCREGS
0x7f4b0e565059 00000025 [0x56543da80130] 41 ff d3                           call	r11d			# CALLReg
0x7f4b0e56505c 00000028 [0x56543da80670]                                    assocRegs                       # ASSOCREGS
0x7f4b0e56505c 00000028 [0x56543da80430]                                    Label L0017:			# LABEL
0x7f4b0e56505c 00000028 [0x56543da82570] 48 83 c4 28                        add	rsp, 0x00000028	# ADD8RegImms
0x7f4b0e565060 0000002c [0x56543da80c50] c3                                 ret                             # RET
0x7f4b0e565061 0000002d [0x56543da80d50]                                    Fence Relative [ 0x56543da08fb4 ]	# FENCE BBEnd </block_2>
0x7f4b0e565061 0000002d [0x56543da80f80]                                    assocRegs                       # ASSOCREGS
0x7f4b0e565061 0000002d [0x56543da81050]                                    Label L0018:			# LABEL
</instructions>
<snippets>
</snippets>

<atlas>

Internal stack atlas:
  numberOfMaps=1
  numberOfSlotsMapped=0
  numberOfParmSlots=0
  parmBaseOffset=8
  localBaseOffset=0

  Locals information : 
  Local [0x56543da0a850] (GC map index :  -1, Offset :  -8, Size : 8) is an uninitialized uncollected auto 
  Local [0x56543da098e0] (GC map index :  -1, Offset : -16, Size : 8) is an uninitialized uncollected auto 

  No internal pointers in this method

  Map number : 1
  Code offset range starts at [00000025]
  GC stack map information : 
    number of stack slots mapped = 0
    live stack slots containing addresses --> {}
  GC register map information : 
    slot pushes: 0    registers: {}


</atlas>

<instructions
	title="Post Relocation Instructions"
	method="/home/vm/host/wasmjit-omr/src/aot/aot-function-builder.cc:153:func_0"
	hotness="warm">

                 +--------------------------------------- instruction address
                 |        +----------------------------------------- instruction offset from start of method
                 |        |                   +------------------------------------------ corresponding TR::Instruction instance
                 |        |                   |  +-------------------------------------------------- code bytes
                 |        |                   |  |                          +-------------------------------------- opcode and operands
                 |        |                   |  |                          |				+----------- additional information
                 |        |                   |  |                          |				|
                 V        V                   V  V                          V				V
0x7f4b0e565030 fffffffc [0x56543da7dde0] 00 00 00 00                        .int	0x00000000		# DDImm4
0x7f4b0e565034 00000000 [0x56543da823e0]                                    nop (0 bytes)		# Align patchable code @32 [0x0:2]
0x7f4b0e565034 00000000 [0x56543da7de60]                                    ProcEntry                       # PROCENTRY
0x7f4b0e565034 00000000 [0x56543da824f0] 48 83 ec 28                        sub	rsp, 0x00000028	# SUB8RegImms
0x7f4b0e565038 00000004 [0x56543da82470]                                    vfpSave			# AdjustFramePtr
0x7f4b0e565038 00000004 [0x56543da7df60]                                    Label L0016:			# LABEL
========================================
0x7f4b0e565038 00000004 [0x56543da7dff0]                                    Fence Relative [ 0x56543da08fb0 ]	# FENCE BBStart <block_2> (frequency 10000)
0x7f4b0e565038 00000004 [0x56543da7e290] 48 c7 44 24 18 00 00 00 00         mov	qword ptr [rsp+0x18], 0x00000000	# S8MemImm4, SymRef  _StackBase_1<auto slot 1>[#423  _StackBase_1 +24] [flags 0x10007 0x0 ]
0x7f4b0e565041 0000000d [0x56543da7e610] 48 c7 44 24 20 06 00 00 00         mov	qword ptr [rsp+0x20], 0x00000006	# S8MemImm4, SymRef  <temp slot 2>[#424  _T2 +32] [flags 0x10004 0x0 ]
0x7f4b0e56504a 00000016 [0x56543da7f1a0] bf 06 00 00 00                     mov	edi, 0x00000006	# MOV4RegImm4
0x7f4b0e56504f 0000001b [0x56543da800a0] 49 bb 12 00 00 00 00 00 00 00      mov	r11, 0x0000000000000012	# MOV8RegImm64
0x7f4b0e565059 00000025 [0x56543da80360]                                    assocRegs                       # ASSOCREGS
0x7f4b0e565059 00000025 [0x56543da80130] 41 ff d3                           call	r11d			# CALLReg
0x7f4b0e56505c 00000028 [0x56543da80670]                                    assocRegs                       # ASSOCREGS
0x7f4b0e56505c 00000028 [0x56543da80430]                                    Label L0017:			# LABEL
0x7f4b0e56505c 00000028 [0x56543da82570] 48 83 c4 28                        add	rsp, 0x00000028	# ADD8RegImms
0x7f4b0e565060 0000002c [0x56543da80c50] c3                                 ret                             # RET
0x7f4b0e565061 0000002d [0x56543da80d50]                                    Fence Relative [ 0x56543da08fb4 ]	# FENCE BBEnd </block_2>
0x7f4b0e565061 0000002d [0x56543da80f80]                                    assocRegs                       # ASSOCREGS
0x7f4b0e565061 0000002d [0x56543da81050]                                    Label L0018:			# LABEL
</instructions>
<snippets>
</snippets>
</codegen>
<result success="true" startPC="0x7f4b0e565034" time="53.528ms"/>
<compile hotness="warm" method="/home/vm/host/wasmjit-omr/src/aot/aot-function-builder.cc:153:func_1">

=======>/home/vm/host/wasmjit-omr/src/aot/aot-function-builder.cc:153:func_1
<ilgen
	method="/home/vm/host/wasmjit-omr/src/aot/aot-function-builder.cc:153:func_1">
   <request> {( 0x7ffd28f5f380 )} </request>
Inside injectIL()
original entry 0x56543da596d0
original exit 0x56543da595e0
	Entry = 0x56543da596d0
	Exit  = 0x56543da595e0
IlBuilder[ 0x56543d9e6340 ]::0 is NullAddress
IlBuilder[ 0x56543d9e6340 ]::Store _StackBase_2 2 (420) gets 0
IlBuilder[ 0x56543d9e6340 ]::Load p0 into 1 from symref 419
IlBuilder [ 0x56543d9e6340 ]::2 is issueOp(Int64) 1
IlBuilder[ 0x56543d9e6340 ]::2 is BitcastTo(Int64) 1
IlBuilder[ 0x56543d9e6340 ]::AppendBuilder 0x56543da59db0
IlBuilder[ 0x56543da59db0 ]:: fallThrough successor [ 0x56543da5a4b0 ]
IlBuilder[ 0x56543da59db0 ]::Goto 0x56543da5a4b0
IlBuilder[ 0x56543da5a4b0 ]::3 is ConstInt32 2
IlBuilder [ 0x56543da5a4b0 ]::4 is issueOp(Int64) 3
IlBuilder[ 0x56543da5a4b0 ]::4 is BitcastTo(Int64) 3
IlBuilder[ 0x56543da5a4b0 ]:: fallThrough successor [ 0x56543da5abb0 ]
IlBuilder[ 0x56543da5a4b0 ]::Goto 0x56543da5abb0
IlBuilder [ 0x56543da5abb0 ]::5 is issueOp(Int32) 4
IlBuilder[ 0x56543da5abb0 ]::5 is BitcastTo(Int32) 4
IlBuilder [ 0x56543da5abb0 ]::6 is issueOp(Int32) 2
IlBuilder[ 0x56543da5abb0 ]::6 is BitcastTo(Int32) 2
IlBuilder[ 0x56543da5abb0 ]::7 is Sub 6 - 5
IlBuilder [ 0x56543da5abb0 ]::8 is issueOp(Int64) 7
IlBuilder[ 0x56543da5abb0 ]::8 is BitcastTo(Int64) 7
IlBuilder[ 0x56543da5abb0 ]:: fallThrough successor [ 0x56543da5b570 ]
IlBuilder[ 0x56543da5abb0 ]::Goto 0x56543da5b570
IlBuilder[ 0x56543da5b570 ]:: fallThrough successor [ 0x56543da5bbb0 ]
IlBuilder[ 0x56543da5b570 ]::Goto 0x56543da5bbb0
IlBuilder [ 0x56543da5bbb0 ]::9 is issueOp(Int32) 8
IlBuilder[ 0x56543da5bbb0 ]::9 is BitcastTo(Int32) 8
IlBuilder[ 0x56543da5bbb0 ]::Return 9
buildIL() returned 1
[ 0x56543d9e6340 ] TR::MethodBuilder::connectTrees entry
[ 0x56543d9e6340 ] TR::MethodBuilder::countBlocks 0 at entry
[ 0x56543d9e6340 ] TR::IlBuilder::countBlocks 0 at entry
[ 0x56543da59db0 ] TR::BytecodeBuilder::countBlocks 0
[ 0x56543da59db0 ] TR::IlBuilder::countBlocks 0 at entry
[ 0x56543da59db0 ] TR::IlBuilder::countBlocks 3
[ 0x56543d9e6340 ] TR::MethodBuilder::addToBlockCountingWorklist 0x56543da5a4b0
[ 0x56543da59db0 ] TR::BytecodeBuilder::countBlocks 3
[ 0x56543d9e6340 ] TR::IlBuilder::countBlocks 5
[ 0x56543d9e6340 ] TR::MethodBuilder::countBlocks 5 before worklist
[ 0x56543d9e6340 ] TR::MethodBuilder::countBlocks iterating over worklist
[ 0x56543d9e6340 ] TR::MethodBuilder::countBlocks visiting [ 0x56543da5a4b0 ]
[ 0x56543da5a4b0 ] TR::BytecodeBuilder::countBlocks 0
[ 0x56543da5a4b0 ] TR::IlBuilder::countBlocks 0 at entry
[ 0x56543da5a4b0 ] TR::IlBuilder::countBlocks 3
[ 0x56543d9e6340 ] TR::MethodBuilder::addToBlockCountingWorklist 0x56543da5abb0
[ 0x56543da5a4b0 ] TR::BytecodeBuilder::countBlocks 3
[ 0x56543d9e6340 ] numBlocks is 8
[ 0x56543d9e6340 ] TR::MethodBuilder::countBlocks visiting [ 0x56543da5abb0 ]
[ 0x56543da5abb0 ] TR::BytecodeBuilder::countBlocks 0
[ 0x56543da5abb0 ] TR::IlBuilder::countBlocks 0 at entry
[ 0x56543da5abb0 ] TR::IlBuilder::countBlocks 3
[ 0x56543d9e6340 ] TR::MethodBuilder::addToBlockCountingWorklist 0x56543da5b570
[ 0x56543da5abb0 ] TR::BytecodeBuilder::countBlocks 3
[ 0x56543d9e6340 ] numBlocks is 11
[ 0x56543d9e6340 ] TR::MethodBuilder::countBlocks visiting [ 0x56543da5b570 ]
[ 0x56543da5b570 ] TR::BytecodeBuilder::countBlocks 0
[ 0x56543da5b570 ] TR::IlBuilder::countBlocks 0 at entry
[ 0x56543da5b570 ] TR::IlBuilder::countBlocks 3
[ 0x56543d9e6340 ] TR::MethodBuilder::addToBlockCountingWorklist 0x56543da5bbb0
[ 0x56543da5b570 ] TR::BytecodeBuilder::countBlocks 3
[ 0x56543d9e6340 ] numBlocks is 14
[ 0x56543d9e6340 ] TR::MethodBuilder::countBlocks visiting [ 0x56543da5bbb0 ]
[ 0x56543da5bbb0 ] TR::BytecodeBuilder::countBlocks 0
[ 0x56543da5bbb0 ] TR::IlBuilder::countBlocks 0 at entry
[ 0x56543da5bbb0 ] TR::IlBuilder::countBlocks 2
[ 0x56543da5bbb0 ] TR::BytecodeBuilder::countBlocks 2
[ 0x56543d9e6340 ] numBlocks is 16
[ 0x56543d9e6340 ] TR::MethodBuilder::connectTrees total blocks 16
[ 0x56543d9e6340 ] TR::IlBuilder::connectTrees():
[ 0x56543d9e6340 ] Total 16 blocks
[ 0x56543d9e6340 ] Allocated _blocks 0x56543da5c4e0
[ 0x56543d9e6340 ] Connecting trees one entry at a time:
[ 0x56543d9e6340 ] currentBlock = 0
[ 0x56543d9e6340 ] lastTree = (nil)
[ 0x56543d9e6340 ] Block entry 0x56543da59820 becomes block B0
[ 0x56543d9e6340 ] Block 0x56543da59820
n1n       BBStart <block_2>                                                                   [0x56543da7a690] bci=[-1,0,-] rc=0 vc=0 vn=- li=- udi=- nc=0
n4n       treetop                                                                             [0x56543da7a750] bci=[-1,0,-] rc=0 vc=0 vn=- li=- udi=- nc=1
n3n         aconst NULL                                                                       [0x56543da7a710] bci=[-1,0,-] rc=2 vc=0 vn=- li=- udi=- nc=0
n5n       astore  _StackBase_2<auto slot 2>[#420  _StackBase_2] [flags 0x10007 0x0 ]          [0x56543da7a790] bci=[-1,0,-] rc=0 vc=0 vn=- li=- udi=- nc=1
n3n         ==>aconst NULL
n7n       treetop                                                                             [0x56543da7a810] bci=[-1,0,-] rc=0 vc=0 vn=- li=- udi=- nc=1
n6n         iload  p0<parm 0 I>[#419  Parm] [flags 0x40010103 0x0 ]                           [0x56543da7a7d0] bci=[-1,0,-] rc=2 vc=0 vn=- li=- udi=- nc=0
n38n      lstore  _T4<auto slot 4>[#422  _T4] [flags 0x10004 0x0 ]                            [0x56543da7afd0] bci=[-1,0,-] rc=0 vc=0 vn=- li=- udi=- nc=1
n8n         i2l                                                                               [0x56543da7a850] bci=[-1,0,-] rc=1 vc=0 vn=- li=- udi=- nc=1
n6n           ==>iload
n2n       BBEnd </block_2>                                                                    [0x56543da7a6d0] bci=[-1,0,-] rc=0 vc=0 vn=- li=- udi=- nc=0
[ 0x56543d9e6340 ] First tree is 0x56543da597e8 [ node 0x56543da7a690 ]
[ 0x56543d9e6340 ] Last tree will be 0x56543da59808 [ node 0x56543da7a6d0 ]
[ 0x56543d9e6340 ] currentBlock = 1
[ 0x56543d9e6340 ] lastTree = 0x56543da59808

[ 0x56543d9e6340 ] Calling connectTrees on inner builder 0x56543da59db0
[ 0x56543da59db0 ] TR::BytecodeBuilder::connectTrees
[ 0x56543da59db0 ] TR::IlBuilder::connectTrees():
[ 0x56543da59db0 ] Total 3 blocks
[ 0x56543da59db0 ] Allocated _blocks 0x56543da5c870
[ 0x56543da59db0 ] Connecting trees one entry at a time:
[ 0x56543da59db0 ] currentBlock = 0
[ 0x56543da59db0 ] lastTree = (nil)
[ 0x56543da59db0 ] Block entry 0x56543da59fa0 becomes block B0
[ 0x56543da59db0 ] Block 0x56543da59fa0
n10n      BBStart <block_3>                                                                   [0x56543da7a8d0] bci=[-1,0,-] rc=0 vc=0 vn=- li=- udi=- nc=0
n20n      goto --> block_6 BBStart at n16n                                                    [0x56543da7ab50] bci=[-1,0,-] rc=0 vc=0 vn=- li=- udi=- nc=0
n11n      BBEnd </block_3>                                                                    [0x56543da7a910] bci=[-1,0,-] rc=0 vc=0 vn=- li=- udi=- nc=0
[ 0x56543da59db0 ] First tree is 0x56543da59f68 [ node 0x56543da7a8d0 ]
[ 0x56543da59db0 ] Last tree will be 0x56543da59f88 [ node 0x56543da7a910 ]
[ 0x56543da59db0 ] currentBlock = 1
[ 0x56543da59db0 ] lastTree = 0x56543da59f88
[ 0x56543da59db0 ] Block entry 0x56543da5a9e0 becomes block B1
[ 0x56543da59db0 ] Block 0x56543da5a9e0
n21n      BBStart <block_8>                                                                   [0x56543da7ab90] bci=[-1,0,-] rc=0 vc=0 vn=- li=- udi=- nc=0
n22n      BBEnd </block_8>                                                                    [0x56543da7abd0] bci=[-1,0,-] rc=0 vc=0 vn=- li=- udi=- nc=0
[ 0x56543da59db0 ] First tree is 0x56543da5a9a8 [ node 0x56543da7ab90 ]
[ 0x56543da59db0 ] Last tree will be 0x56543da5a9c8 [ node 0x56543da7abd0 ]
[ 0x56543da59db0 ] Connecting tree 0x56543da59f88 [ node 0x56543da7a910 ] to new tree 0x56543da5a9a8 [ node 0x56543da7ab90 ]
[ 0x56543da59db0 ] Connecting last tree 0x56543da5a9c8 [ node 0x56543da7abd0 ] to exit block entry 0x56543da5a0b8 [ node 0x56543da7a950 ]
[ 0x56543da59db0 ] exit block 4 is 0x56543da5a0b8 (0x56543da5a0d8 -> 0x56543d9d9c50)
[ 0x56543da59db0 ] last tree 0x56543da5a0d8 [ node 0x56543da7a990 ]
[ 0x56543da59db0 ] blocks[2] exit tree is 0x56543da5a0d8
[ 0x56543d9e6340 ] TR::MethodBuilder::addToTreeConnectingWorklist 0x56543da5a4b0

[ 0x56543d9e6340 ] Returned from connectTrees on 0x56543da59db0
[ 0x56543d9e6340 ] copying inner block B0 to B1
[ 0x56543d9e6340 ] Block 0x56543da59fa0
n10n      ==>BBStart
n20n      ==>goto
n11n      ==>BBEnd
[ 0x56543d9e6340 ] copying inner block B1 to B2
[ 0x56543d9e6340 ] Block 0x56543da5a9e0

n21n      ==>BBStart
n22n      ==>BBEnd
[ 0x56543d9e6340 ] copying inner block B2 to B3
[ 0x56543d9e6340 ] Block 0x56543da5a0f0

n12n      BBStart <block_4>                                                                   [0x56543da7a950] bci=[-1,0,-] rc=0 vc=0 vn=- li=- udi=- nc=0
n13n      BBEnd </block_4>                                                                    [0x56543da7a990] bci=[-1,0,-] rc=0 vc=0 vn=- li=- udi=- nc=0
[ 0x56543d9e6340 ] First tree is 0x56543da59f68 [ node 0x56543da7a8d0 ]
[ 0x56543d9e6340 ] Last tree will be 0x56543da5a0d8 [ node 0x56543da7a990 ]
[ 0x56543d9e6340 ] Connecting tree 0x56543da59808 [ node 0x56543da7a6d0 ] to new tree 0x56543da59f68 [ node 0x56543da7a8d0 ]
[ 0x56543d9e6340 ] currentBlock = 4
[ 0x56543d9e6340 ] lastTree = 0x56543da5a0d8
[ 0x56543d9e6340 ] Block entry 0x56543da5a290 becomes block B4
[ 0x56543d9e6340 ] Block 0x56543da5a290
n14n      BBStart <block_5>                                                                   [0x56543da7a9d0] bci=[-1,0,-] rc=0 vc=0 vn=- li=- udi=- nc=0
n15n      BBEnd </block_5>                                                                    [0x56543da7aa10] bci=[-1,0,-] rc=0 vc=0 vn=- li=- udi=- nc=0
[ 0x56543d9e6340 ] First tree is 0x56543da5a258 [ node 0x56543da7a9d0 ]
[ 0x56543d9e6340 ] Last tree will be 0x56543da5a278 [ node 0x56543da7aa10 ]
[ 0x56543d9e6340 ] Connecting tree 0x56543da5a0d8 [ node 0x56543da7a990 ] to new tree 0x56543da5a258 [ node 0x56543da7a9d0 ]
[ 0x56543d9e6340 ] last tree 0x56543da5a278 [ node 0x56543da7aa10 ]
[ 0x56543d9e6340 ] blocks[4] exit tree is 0x56543da5a278
[ 0x56543d9e6340 ] connectTrees visiting next builder from worklist [ 0x56543da5a4b0 ]

[ 0x56543d9e6340 ] Calling connectTrees on inner builder 0x56543da5a4b0
[ 0x56543da5a4b0 ] TR::BytecodeBuilder::connectTrees
[ 0x56543da5a4b0 ] TR::IlBuilder::connectTrees():
[ 0x56543da5a4b0 ] Total 3 blocks
[ 0x56543da5a4b0 ] Allocated _blocks 0x56543da5ca50
[ 0x56543da5a4b0 ] Connecting trees one entry at a time:
[ 0x56543da5a4b0 ] currentBlock = 0
[ 0x56543da5a4b0 ] lastTree = (nil)
[ 0x56543da5a4b0 ] Block entry 0x56543da5a690 becomes block B0
[ 0x56543da5a4b0 ] Block 0x56543da5a690
n16n      BBStart <block_6>                                                                   [0x56543da7aa50] bci=[-1,1,-] rc=0 vc=0 vn=- li=- udi=- nc=0
n24n      treetop                                                                             [0x56543da7ac50] bci=[-1,0,-] rc=0 vc=0 vn=- li=- udi=- nc=1
n23n        iconst 2                                                                          [0x56543da7ac10] bci=[-1,0,-] rc=2 vc=0 vn=- li=- udi=- nc=0
n34n      lstore  _T3<auto slot 3>[#421  _T3] [flags 0x10004 0x0 ]                            [0x56543da7aed0] bci=[-1,0,-] rc=0 vc=0 vn=- li=- udi=- nc=1
n25n        i2l                                                                               [0x56543da7ac90] bci=[-1,0,-] rc=1 vc=0 vn=- li=- udi=- nc=1
n23n          ==>iconst 2
n31n      goto --> block_9 BBStart at n27n                                                    [0x56543da7ae10] bci=[-1,0,-] rc=0 vc=0 vn=- li=- udi=- nc=0
n17n      BBEnd </block_6>                                                                    [0x56543da7aa90] bci=[-1,0,-] rc=0 vc=0 vn=- li=- udi=- nc=0
[ 0x56543da5a4b0 ] First tree is 0x56543da5a658 [ node 0x56543da7aa50 ]
[ 0x56543da5a4b0 ] Last tree will be 0x56543da5a678 [ node 0x56543da7aa90 ]
[ 0x56543da5a4b0 ] currentBlock = 1
[ 0x56543da5a4b0 ] lastTree = 0x56543da5a678
[ 0x56543da5a4b0 ] Block entry 0x56543da5b0e0 becomes block B1
[ 0x56543da5a4b0 ] Block 0x56543da5b0e0
n32n      BBStart <block_11>                                                                  [0x56543da7ae50] bci=[-1,1,-] rc=0 vc=0 vn=- li=- udi=- nc=0
n33n      BBEnd </block_11>                                                                   [0x56543da7ae90] bci=[-1,0,-] rc=0 vc=0 vn=- li=- udi=- nc=0
[ 0x56543da5a4b0 ] First tree is 0x56543da5b0a8 [ node 0x56543da7ae50 ]
[ 0x56543da5a4b0 ] Last tree will be 0x56543da5b0c8 [ node 0x56543da7ae90 ]
[ 0x56543da5a4b0 ] Connecting tree 0x56543da5a678 [ node 0x56543da7aa90 ] to new tree 0x56543da5b0a8 [ node 0x56543da7ae50 ]
[ 0x56543da5a4b0 ] Connecting last tree 0x56543da5b0c8 [ node 0x56543da7ae90 ] to exit block entry 0x56543da5a7a8 [ node 0x56543da7aad0 ]
[ 0x56543da5a4b0 ] exit block 7 is 0x56543da5a7a8 (0x56543da5a7c8 -> 0x56543d9d9c50)
[ 0x56543da5a4b0 ] last tree 0x56543da5a7c8 [ node 0x56543da7ab10 ]
[ 0x56543da5a4b0 ] blocks[2] exit tree is 0x56543da5a7c8
[ 0x56543d9e6340 ] TR::MethodBuilder::addToTreeConnectingWorklist 0x56543da5abb0

[ 0x56543d9e6340 ] Returned from connectTrees on 0x56543da5a4b0
[ 0x56543d9e6340 ] copying inner block B0 to B5
[ 0x56543d9e6340 ] Block 0x56543da5a690
n16n      ==>BBStart
n24n      ==>treetop
n34n      ==>lstore
n31n      ==>goto
n17n      ==>BBEnd
[ 0x56543d9e6340 ] copying inner block B1 to B6
[ 0x56543d9e6340 ] Block 0x56543da5b0e0

n32n      ==>BBStart
n33n      ==>BBEnd
[ 0x56543d9e6340 ] copying inner block B2 to B7
[ 0x56543d9e6340 ] Block 0x56543da5a7e0

n18n      BBStart <block_7>                                                                   [0x56543da7aad0] bci=[-1,0,-] rc=0 vc=0 vn=- li=- udi=- nc=0
n19n      BBEnd </block_7>                                                                    [0x56543da7ab10] bci=[-1,0,-] rc=0 vc=0 vn=- li=- udi=- nc=0
[ 0x56543d9e6340 ] First tree is 0x56543da5a658 [ node 0x56543da7aa50 ]
[ 0x56543d9e6340 ] Last tree will be 0x56543da5a7c8 [ node 0x56543da7ab10 ]
[ 0x56543d9e6340 ] Connecting tree 0x56543da5a278 [ node 0x56543da7aa10 ] to new tree 0x56543da5a658 [ node 0x56543da7aa50 ]
[ 0x56543d9e6340 ] connectTrees visiting next builder from worklist [ 0x56543da5abb0 ]

[ 0x56543d9e6340 ] Calling connectTrees on inner builder 0x56543da5abb0
[ 0x56543da5abb0 ] TR::BytecodeBuilder::connectTrees
[ 0x56543da5abb0 ] TR::IlBuilder::connectTrees():
[ 0x56543da5abb0 ] Total 3 blocks
[ 0x56543da5abb0 ] Allocated _blocks 0x56543da5cd10
[ 0x56543da5abb0 ] Connecting trees one entry at a time:
[ 0x56543da5abb0 ] currentBlock = 0
[ 0x56543da5abb0 ] lastTree = (nil)
[ 0x56543da5abb0 ] Block entry 0x56543da5ad90 becomes block B0
[ 0x56543da5abb0 ] Block 0x56543da5ad90
n27n      BBStart <block_9>                                                                   [0x56543da7ad10] bci=[-1,2,-] rc=0 vc=0 vn=- li=- udi=- nc=0
n37n      treetop                                                                             [0x56543da7af90] bci=[-1,0,-] rc=0 vc=0 vn=- li=- udi=- nc=1
n36n        l2i                                                                               [0x56543da7af50] bci=[-1,0,-] rc=2 vc=0 vn=- li=- udi=- nc=1
n35n          lload  _T3<auto slot 3>[#421  _T3] [flags 0x10004 0x0 ]                         [0x56543da7af10] bci=[-1,0,-] rc=1 vc=0 vn=- li=- udi=- nc=0
n41n      treetop                                                                             [0x56543da7b090] bci=[-1,0,-] rc=0 vc=0 vn=- li=- udi=- nc=1
n40n        l2i                                                                               [0x56543da7b050] bci=[-1,0,-] rc=2 vc=0 vn=- li=- udi=- nc=1
n39n          lload  _T4<auto slot 4>[#422  _T4] [flags 0x10004 0x0 ]                         [0x56543da7b010] bci=[-1,0,-] rc=1 vc=0 vn=- li=- udi=- nc=0
n43n      treetop                                                                             [0x56543da7b110] bci=[-1,0,-] rc=0 vc=0 vn=- li=- udi=- nc=1
n42n        isub                                                                              [0x56543da7b0d0] bci=[-1,0,-] rc=2 vc=0 vn=- li=- udi=- nc=2
n40n          ==>l2i
n36n          ==>l2i
n60n      lstore  <temp slot 5>[#423  _T5] [flags 0x10004 0x0 ]                               [0x56543da7b550] bci=[-1,0,-] rc=0 vc=0 vn=- li=- udi=- nc=1
n44n        i2l                                                                               [0x56543da7b150] bci=[-1,0,-] rc=1 vc=0 vn=- li=- udi=- nc=1
n42n          ==>isub
n50n      goto --> block_12 BBStart at n46n                                                   [0x56543da7b2d0] bci=[-1,0,-] rc=0 vc=0 vn=- li=- udi=- nc=0
n28n      BBEnd </block_9>                                                                    [0x56543da7ad50] bci=[-1,0,-] rc=0 vc=0 vn=- li=- udi=- nc=0
[ 0x56543da5abb0 ] First tree is 0x56543da5ad58 [ node 0x56543da7ad10 ]
[ 0x56543da5abb0 ] Last tree will be 0x56543da5ad78 [ node 0x56543da7ad50 ]
[ 0x56543da5abb0 ] currentBlock = 1
[ 0x56543da5abb0 ] lastTree = 0x56543da5ad78
[ 0x56543da5abb0 ] Block entry 0x56543da5baa0 becomes block B1
[ 0x56543da5abb0 ] Block 0x56543da5baa0
n51n      BBStart <block_14>                                                                  [0x56543da7b310] bci=[-1,2,-] rc=0 vc=0 vn=- li=- udi=- nc=0
n52n      BBEnd </block_14>                                                                   [0x56543da7b350] bci=[-1,0,-] rc=0 vc=0 vn=- li=- udi=- nc=0
[ 0x56543da5abb0 ] First tree is 0x56543da5ba68 [ node 0x56543da7b310 ]
[ 0x56543da5abb0 ] Last tree will be 0x56543da5ba88 [ node 0x56543da7b350 ]
[ 0x56543da5abb0 ] Connecting tree 0x56543da5ad78 [ node 0x56543da7ad50 ] to new tree 0x56543da5ba68 [ node 0x56543da7b310 ]
[ 0x56543da5abb0 ] Connecting last tree 0x56543da5ba88 [ node 0x56543da7b350 ] to exit block entry 0x56543da5aea8 [ node 0x56543da7ad90 ]
[ 0x56543da5abb0 ] exit block 10 is 0x56543da5aea8 (0x56543da5aec8 -> 0x56543d9d9c50)
[ 0x56543da5abb0 ] last tree 0x56543da5aec8 [ node 0x56543da7add0 ]
[ 0x56543da5abb0 ] blocks[2] exit tree is 0x56543da5aec8
[ 0x56543d9e6340 ] TR::MethodBuilder::addToTreeConnectingWorklist 0x56543da5b570

[ 0x56543d9e6340 ] Returned from connectTrees on 0x56543da5abb0
[ 0x56543d9e6340 ] copying inner block B0 to B8
[ 0x56543d9e6340 ] Block 0x56543da5ad90
n27n      ==>BBStart
n37n      ==>treetop
n41n      ==>treetop
n43n      ==>treetop
n60n      ==>lstore
n50n      ==>goto
n28n      ==>BBEnd
[ 0x56543d9e6340 ] copying inner block B1 to B9
[ 0x56543d9e6340 ] Block 0x56543da5baa0

n51n      ==>BBStart
n52n      ==>BBEnd
[ 0x56543d9e6340 ] copying inner block B2 to B10
[ 0x56543d9e6340 ] Block 0x56543da5aee0

n29n      BBStart <block_10>                                                                  [0x56543da7ad90] bci=[-1,0,-] rc=0 vc=0 vn=- li=- udi=- nc=0
n30n      BBEnd </block_10>                                                                   [0x56543da7add0] bci=[-1,0,-] rc=0 vc=0 vn=- li=- udi=- nc=0
[ 0x56543d9e6340 ] First tree is 0x56543da5ad58 [ node 0x56543da7ad10 ]
[ 0x56543d9e6340 ] Last tree will be 0x56543da5aec8 [ node 0x56543da7add0 ]
[ 0x56543d9e6340 ] Connecting tree 0x56543da5a7c8 [ node 0x56543da7ab10 ] to new tree 0x56543da5ad58 [ node 0x56543da7ad10 ]
[ 0x56543d9e6340 ] connectTrees visiting next builder from worklist [ 0x56543da5b570 ]

[ 0x56543d9e6340 ] Calling connectTrees on inner builder 0x56543da5b570
[ 0x56543da5b570 ] TR::BytecodeBuilder::connectTrees
[ 0x56543da5b570 ] TR::IlBuilder::connectTrees():
[ 0x56543da5b570 ] Total 3 blocks
[ 0x56543da5b570 ] Allocated _blocks 0x56543da5d1f0
[ 0x56543da5b570 ] Connecting trees one entry at a time:
[ 0x56543da5b570 ] currentBlock = 0
[ 0x56543da5b570 ] lastTree = (nil)
[ 0x56543da5b570 ] Block entry 0x56543da5b750 becomes block B0
[ 0x56543da5b570 ] Block 0x56543da5b750
n46n      BBStart <block_12>                                                                  [0x56543da7b1d0] bci=[-1,3,-] rc=0 vc=0 vn=- li=- udi=- nc=0
n57n      goto --> block_15 BBStart at n53n                                                   [0x56543da7b490] bci=[-1,0,-] rc=0 vc=0 vn=- li=- udi=- nc=0
n47n      BBEnd </block_12>                                                                   [0x56543da7b210] bci=[-1,0,-] rc=0 vc=0 vn=- li=- udi=- nc=0
[ 0x56543da5b570 ] First tree is 0x56543da5b718 [ node 0x56543da7b1d0 ]
[ 0x56543da5b570 ] Last tree will be 0x56543da5b738 [ node 0x56543da7b210 ]
[ 0x56543da5b570 ] currentBlock = 1
[ 0x56543da5b570 ] lastTree = 0x56543da5b738
[ 0x56543da5b570 ] Block entry 0x56543da5c0e0 becomes block B1
[ 0x56543da5b570 ] Block 0x56543da5c0e0
n58n      BBStart <block_17>                                                                  [0x56543da7b4d0] bci=[-1,3,-] rc=0 vc=0 vn=- li=- udi=- nc=0
n59n      BBEnd </block_17>                                                                   [0x56543da7b510] bci=[-1,0,-] rc=0 vc=0 vn=- li=- udi=- nc=0
[ 0x56543da5b570 ] First tree is 0x56543da5c0a8 [ node 0x56543da7b4d0 ]
[ 0x56543da5b570 ] Last tree will be 0x56543da5c0c8 [ node 0x56543da7b510 ]
[ 0x56543da5b570 ] Connecting tree 0x56543da5b738 [ node 0x56543da7b210 ] to new tree 0x56543da5c0a8 [ node 0x56543da7b4d0 ]
[ 0x56543da5b570 ] Connecting last tree 0x56543da5c0c8 [ node 0x56543da7b510 ] to exit block entry 0x56543da5b868 [ node 0x56543da7b250 ]
[ 0x56543da5b570 ] exit block 13 is 0x56543da5b868 (0x56543da5b888 -> 0x56543d9d9c50)
[ 0x56543da5b570 ] last tree 0x56543da5b888 [ node 0x56543da7b290 ]
[ 0x56543da5b570 ] blocks[2] exit tree is 0x56543da5b888
[ 0x56543d9e6340 ] TR::MethodBuilder::addToTreeConnectingWorklist 0x56543da5bbb0

[ 0x56543d9e6340 ] Returned from connectTrees on 0x56543da5b570
[ 0x56543d9e6340 ] copying inner block B0 to B11
[ 0x56543d9e6340 ] Block 0x56543da5b750
n46n      ==>BBStart
n57n      ==>goto
n47n      ==>BBEnd
[ 0x56543d9e6340 ] copying inner block B1 to B12
[ 0x56543d9e6340 ] Block 0x56543da5c0e0

n58n      ==>BBStart
n59n      ==>BBEnd
[ 0x56543d9e6340 ] copying inner block B2 to B13
[ 0x56543d9e6340 ] Block 0x56543da5b8a0

n48n      BBStart <block_13>                                                                  [0x56543da7b250] bci=[-1,0,-] rc=0 vc=0 vn=- li=- udi=- nc=0
n49n      BBEnd </block_13>                                                                   [0x56543da7b290] bci=[-1,0,-] rc=0 vc=0 vn=- li=- udi=- nc=0
[ 0x56543d9e6340 ] First tree is 0x56543da5b718 [ node 0x56543da7b1d0 ]
[ 0x56543d9e6340 ] Last tree will be 0x56543da5b888 [ node 0x56543da7b290 ]
[ 0x56543d9e6340 ] Connecting tree 0x56543da5aec8 [ node 0x56543da7add0 ] to new tree 0x56543da5b718 [ node 0x56543da7b1d0 ]
[ 0x56543d9e6340 ] connectTrees visiting next builder from worklist [ 0x56543da5bbb0 ]

[ 0x56543d9e6340 ] Calling connectTrees on inner builder 0x56543da5bbb0
[ 0x56543da5bbb0 ] TR::BytecodeBuilder::connectTrees
[ 0x56543da5bbb0 ] TR::IlBuilder::connectTrees():
[ 0x56543da5bbb0 ] Total 2 blocks
[ 0x56543da5bbb0 ] Allocated _blocks 0x56543da5d370
[ 0x56543da5bbb0 ] Connecting trees one entry at a time:
[ 0x56543da5bbb0 ] currentBlock = 0
[ 0x56543da5bbb0 ] lastTree = (nil)
[ 0x56543da5bbb0 ] Block entry 0x56543da5bd90 becomes block B0
[ 0x56543da5bbb0 ] Block 0x56543da5bd90
n53n      BBStart <block_15>                                                                  [0x56543da7b390] bci=[-1,4,-] rc=0 vc=0 vn=- li=- udi=- nc=0
n63n      treetop                                                                             [0x56543da7b610] bci=[-1,0,-] rc=0 vc=0 vn=- li=- udi=- nc=1
n62n        l2i                                                                               [0x56543da7b5d0] bci=[-1,0,-] rc=2 vc=0 vn=- li=- udi=- nc=1
n61n          lload  <temp slot 5>[#423  _T5] [flags 0x10004 0x0 ]                            [0x56543da7b590] bci=[-1,0,-] rc=1 vc=0 vn=- li=- udi=- nc=0
n64n      ireturn                                                                             [0x56543da7b650] bci=[-1,0,-] rc=0 vc=0 vn=- li=- udi=- nc=1
n62n        ==>l2i
n54n      BBEnd </block_15>                                                                   [0x56543da7b3d0] bci=[-1,0,-] rc=0 vc=0 vn=- li=- udi=- nc=0
[ 0x56543da5bbb0 ] First tree is 0x56543da5bd58 [ node 0x56543da7b390 ]
[ 0x56543da5bbb0 ] Last tree will be 0x56543da5bd78 [ node 0x56543da7b3d0 ]
[ 0x56543da5bbb0 ] Connecting last tree 0x56543da5bd78 [ node 0x56543da7b3d0 ] to exit block entry 0x56543da5bea8 [ node 0x56543da7b410 ]
[ 0x56543da5bbb0 ] exit block 16 is 0x56543da5bea8 (0x56543da5bec8 -> 0x56543d9d9c50)
[ 0x56543da5bbb0 ] last tree 0x56543da5bec8 [ node 0x56543da7b450 ]
[ 0x56543da5bbb0 ] blocks[1] exit tree is 0x56543da5bec8

[ 0x56543d9e6340 ] Returned from connectTrees on 0x56543da5bbb0
[ 0x56543d9e6340 ] copying inner block B0 to B14
[ 0x56543d9e6340 ] Block 0x56543da5bd90
n53n      ==>BBStart
n63n      ==>treetop
n64n      ==>ireturn
n54n      ==>BBEnd
[ 0x56543d9e6340 ] copying inner block B1 to B15
[ 0x56543d9e6340 ] Block 0x56543da5bee0

n55n      BBStart <block_16>                                                                  [0x56543da7b410] bci=[-1,0,-] rc=0 vc=0 vn=- li=- udi=- nc=0
n56n      BBEnd </block_16>                                                                   [0x56543da7b450] bci=[-1,0,-] rc=0 vc=0 vn=- li=- udi=- nc=0
[ 0x56543d9e6340 ] First tree is 0x56543da5bd58 [ node 0x56543da7b390 ]
[ 0x56543d9e6340 ] Last tree will be 0x56543da5bec8 [ node 0x56543da7b450 ]
[ 0x56543d9e6340 ] Connecting tree 0x56543da5b888 [ node 0x56543da7b290 ] to new tree 0x56543da5bd58 [ node 0x56543da7b390 ]
<trees
	title="after connectTrees"
	method="/home/vm/host/wasmjit-omr/src/aot/aot-function-builder.cc:153:func_1"
	hotness="warm">

after connectTrees: for /home/vm/host/wasmjit-omr/src/aot/aot-function-builder.cc:153:func_1

------------------------------------------------------------------------------------------------------------------------------------------------------------------------
n1n       BBStart <block_2>                                                                   [0x56543da7a690] bci=[-1,0,-] rc=0 vc=0 vn=- li=- udi=- nc=0
n4n       treetop                                                                             [0x56543da7a750] bci=[-1,0,-] rc=0 vc=0 vn=- li=- udi=- nc=1
n3n         aconst NULL                                                                       [0x56543da7a710] bci=[-1,0,-] rc=2 vc=0 vn=- li=- udi=- nc=0
n5n       astore  _StackBase_2<auto slot 2>[#420  _StackBase_2] [flags 0x10007 0x0 ]          [0x56543da7a790] bci=[-1,0,-] rc=0 vc=0 vn=- li=- udi=- nc=1
n3n         ==>aconst NULL
n7n       treetop                                                                             [0x56543da7a810] bci=[-1,0,-] rc=0 vc=0 vn=- li=- udi=- nc=1
n6n         iload  p0<parm 0 I>[#419  Parm] [flags 0x40010103 0x0 ]                           [0x56543da7a7d0] bci=[-1,0,-] rc=2 vc=0 vn=- li=- udi=- nc=0
n38n      lstore  _T4<auto slot 4>[#422  _T4] [flags 0x10004 0x0 ]                            [0x56543da7afd0] bci=[-1,0,-] rc=0 vc=0 vn=- li=- udi=- nc=1
n8n         i2l                                                                               [0x56543da7a850] bci=[-1,0,-] rc=1 vc=0 vn=- li=- udi=- nc=1
n6n           ==>iload
n2n       BBEnd </block_2> =====                                                              [0x56543da7a6d0] bci=[-1,0,-] rc=0 vc=0 vn=- li=- udi=- nc=0

n10n      BBStart <block_3>                                                                   [0x56543da7a8d0] bci=[-1,0,-] rc=0 vc=0 vn=- li=- udi=- nc=0
n20n      goto --> block_6 BBStart at n16n                                                    [0x56543da7ab50] bci=[-1,0,-] rc=0 vc=0 vn=- li=- udi=- nc=0
n11n      BBEnd </block_3> =====                                                              [0x56543da7a910] bci=[-1,0,-] rc=0 vc=0 vn=- li=- udi=- nc=0

n21n      BBStart <block_8>                                                                   [0x56543da7ab90] bci=[-1,0,-] rc=0 vc=0 vn=- li=- udi=- nc=0
n22n      BBEnd </block_8> =====                                                              [0x56543da7abd0] bci=[-1,0,-] rc=0 vc=0 vn=- li=- udi=- nc=0

n12n      BBStart <block_4>                                                                   [0x56543da7a950] bci=[-1,0,-] rc=0 vc=0 vn=- li=- udi=- nc=0
n13n      BBEnd </block_4> =====                                                              [0x56543da7a990] bci=[-1,0,-] rc=0 vc=0 vn=- li=- udi=- nc=0

n14n      BBStart <block_5>                                                                   [0x56543da7a9d0] bci=[-1,0,-] rc=0 vc=0 vn=- li=- udi=- nc=0
n15n      BBEnd </block_5> =====                                                              [0x56543da7aa10] bci=[-1,0,-] rc=0 vc=0 vn=- li=- udi=- nc=0

n16n      BBStart <block_6>                                                                   [0x56543da7aa50] bci=[-1,1,-] rc=0 vc=0 vn=- li=- udi=- nc=0
n24n      treetop                                                                             [0x56543da7ac50] bci=[-1,0,-] rc=0 vc=0 vn=- li=- udi=- nc=1
n23n        iconst 2                                                                          [0x56543da7ac10] bci=[-1,0,-] rc=2 vc=0 vn=- li=- udi=- nc=0
n34n      lstore  _T3<auto slot 3>[#421  _T3] [flags 0x10004 0x0 ]                            [0x56543da7aed0] bci=[-1,0,-] rc=0 vc=0 vn=- li=- udi=- nc=1
n25n        i2l                                                                               [0x56543da7ac90] bci=[-1,0,-] rc=1 vc=0 vn=- li=- udi=- nc=1
n23n          ==>iconst 2
n31n      goto --> block_9 BBStart at n27n                                                    [0x56543da7ae10] bci=[-1,0,-] rc=0 vc=0 vn=- li=- udi=- nc=0
n17n      BBEnd </block_6> =====                                                              [0x56543da7aa90] bci=[-1,0,-] rc=0 vc=0 vn=- li=- udi=- nc=0

n32n      BBStart <block_11>                                                                  [0x56543da7ae50] bci=[-1,1,-] rc=0 vc=0 vn=- li=- udi=- nc=0
n33n      BBEnd </block_11> =====                                                             [0x56543da7ae90] bci=[-1,0,-] rc=0 vc=0 vn=- li=- udi=- nc=0

n18n      BBStart <block_7>                                                                   [0x56543da7aad0] bci=[-1,0,-] rc=0 vc=0 vn=- li=- udi=- nc=0
n19n      BBEnd </block_7> =====                                                              [0x56543da7ab10] bci=[-1,0,-] rc=0 vc=0 vn=- li=- udi=- nc=0

n27n      BBStart <block_9>                                                                   [0x56543da7ad10] bci=[-1,2,-] rc=0 vc=0 vn=- li=- udi=- nc=0
n37n      treetop                                                                             [0x56543da7af90] bci=[-1,0,-] rc=0 vc=0 vn=- li=- udi=- nc=1
n36n        l2i                                                                               [0x56543da7af50] bci=[-1,0,-] rc=2 vc=0 vn=- li=- udi=- nc=1
n35n          lload  _T3<auto slot 3>[#421  _T3] [flags 0x10004 0x0 ]                         [0x56543da7af10] bci=[-1,0,-] rc=1 vc=0 vn=- li=- udi=- nc=0
n41n      treetop                                                                             [0x56543da7b090] bci=[-1,0,-] rc=0 vc=0 vn=- li=- udi=- nc=1
n40n        l2i                                                                               [0x56543da7b050] bci=[-1,0,-] rc=2 vc=0 vn=- li=- udi=- nc=1
n39n          lload  _T4<auto slot 4>[#422  _T4] [flags 0x10004 0x0 ]                         [0x56543da7b010] bci=[-1,0,-] rc=1 vc=0 vn=- li=- udi=- nc=0
n43n      treetop                                                                             [0x56543da7b110] bci=[-1,0,-] rc=0 vc=0 vn=- li=- udi=- nc=1
n42n        isub                                                                              [0x56543da7b0d0] bci=[-1,0,-] rc=2 vc=0 vn=- li=- udi=- nc=2
n40n          ==>l2i
n36n          ==>l2i
n60n      lstore  <temp slot 5>[#423  _T5] [flags 0x10004 0x0 ]                               [0x56543da7b550] bci=[-1,0,-] rc=0 vc=0 vn=- li=- udi=- nc=1
n44n        i2l                                                                               [0x56543da7b150] bci=[-1,0,-] rc=1 vc=0 vn=- li=- udi=- nc=1
n42n          ==>isub
n50n      goto --> block_12 BBStart at n46n                                                   [0x56543da7b2d0] bci=[-1,0,-] rc=0 vc=0 vn=- li=- udi=- nc=0
n28n      BBEnd </block_9> =====                                                              [0x56543da7ad50] bci=[-1,0,-] rc=0 vc=0 vn=- li=- udi=- nc=0

n51n      BBStart <block_14>                                                                  [0x56543da7b310] bci=[-1,2,-] rc=0 vc=0 vn=- li=- udi=- nc=0
n52n      BBEnd </block_14> =====                                                             [0x56543da7b350] bci=[-1,0,-] rc=0 vc=0 vn=- li=- udi=- nc=0

n29n      BBStart <block_10>                                                                  [0x56543da7ad90] bci=[-1,0,-] rc=0 vc=0 vn=- li=- udi=- nc=0
n30n      BBEnd </block_10> =====                                                             [0x56543da7add0] bci=[-1,0,-] rc=0 vc=0 vn=- li=- udi=- nc=0

n46n      BBStart <block_12>                                                                  [0x56543da7b1d0] bci=[-1,3,-] rc=0 vc=0 vn=- li=- udi=- nc=0
n57n      goto --> block_15 BBStart at n53n                                                   [0x56543da7b490] bci=[-1,0,-] rc=0 vc=0 vn=- li=- udi=- nc=0
n47n      BBEnd </block_12> =====                                                             [0x56543da7b210] bci=[-1,0,-] rc=0 vc=0 vn=- li=- udi=- nc=0

n58n      BBStart <block_17>                                                                  [0x56543da7b4d0] bci=[-1,3,-] rc=0 vc=0 vn=- li=- udi=- nc=0
n59n      BBEnd </block_17> =====                                                             [0x56543da7b510] bci=[-1,0,-] rc=0 vc=0 vn=- li=- udi=- nc=0

n48n      BBStart <block_13>                                                                  [0x56543da7b250] bci=[-1,0,-] rc=0 vc=0 vn=- li=- udi=- nc=0
n49n      BBEnd </block_13> =====                                                             [0x56543da7b290] bci=[-1,0,-] rc=0 vc=0 vn=- li=- udi=- nc=0

n53n      BBStart <block_15>                                                                  [0x56543da7b390] bci=[-1,4,-] rc=0 vc=0 vn=- li=- udi=- nc=0
n63n      treetop                                                                             [0x56543da7b610] bci=[-1,0,-] rc=0 vc=0 vn=- li=- udi=- nc=1
n62n        l2i                                                                               [0x56543da7b5d0] bci=[-1,0,-] rc=2 vc=0 vn=- li=- udi=- nc=1
n61n          lload  <temp slot 5>[#423  _T5] [flags 0x10004 0x0 ]                            [0x56543da7b590] bci=[-1,0,-] rc=1 vc=0 vn=- li=- udi=- nc=0
n64n      ireturn                                                                             [0x56543da7b650] bci=[-1,0,-] rc=0 vc=0 vn=- li=- udi=- nc=1
n62n        ==>l2i
n54n      BBEnd </block_15> =====                                                             [0x56543da7b3d0] bci=[-1,0,-] rc=0 vc=0 vn=- li=- udi=- nc=0

n55n      BBStart <block_16>                                                                  [0x56543da7b410] bci=[-1,0,-] rc=0 vc=0 vn=- li=- udi=- nc=0
n56n      BBEnd </block_16>                                                                   [0x56543da7b450] bci=[-1,0,-] rc=0 vc=0 vn=- li=- udi=- nc=0

index:       node global index
bci=[x,y,z]: byte-code-info [callee-index, bytecode-index, line-number]
rc:          reference count
vc:          visit count
vn:          value number
li:          local index
udi:         use/def index
nc:          number of children
addr:        address size in bytes
flg:         node flags

Symbol References (incremental):
--------------------------------
#419:  p0<parm 0 I>[ Parm] [flags 0x40010103 0x0 ] [0x56543da7b870] (Int32)
#420:  _StackBase_2<auto slot 2>[ _StackBase_2] [flags 0x10007 0x0 ] [0x56543da59b80] (Address)
#421:  _T3<auto slot 3>[ _T3] [flags 0x10004 0x0 ] [0x56543da5b1f0] (Int64)
#422:  _T4<auto slot 4>[ _T4] [flags 0x10004 0x0 ] [0x56543da5b350] (Int64)
#423:  <temp slot 5>[ _T5] [flags 0x10004 0x0 ] [0x56543da5c2b0] (Int64)

Number of nodes = 61, symRefCount = 424
</trees>

<cfg>
         0 [0x56543da596d0] entry
                 in        = []
                 out       = [2(0) ]
                 exception in  = []
                 exception out = []
         1 [0x56543da595e0] exit
                 in        = [15(0) ]
                 out       = []
                 exception in  = []
                 exception out = []
         2 [0x56543da59820] BBStart at 0x56543da7a690
                 in        = [0(0) ]
                 out       = [3(0) ]
                 exception in  = []
                 exception out = []
         3 [0x56543da59fa0] BBStart at 0x56543da7a8d0
                 in        = [2(0) ]
                 out       = [6(0) ]
                 exception in  = []
                 exception out = []
         4 [0x56543da5a0f0] BBStart at 0x56543da7a950
                 in        = []
                 out       = [5(0) ]
                 exception in  = []
                 exception out = []
         5 [0x56543da5a290] BBStart at 0x56543da7a9d0
                 in        = [4(0) ]
                 out       = []
                 exception in  = []
                 exception out = []
         6 [0x56543da5a690] BBStart at 0x56543da7aa50
                 in        = [3(0) ]
                 out       = [9(0) ]
                 exception in  = []
                 exception out = []
         7 [0x56543da5a7e0] BBStart at 0x56543da7aad0
                 in        = []
                 out       = []
                 exception in  = []
                 exception out = []
         8 [0x56543da5a9e0] BBStart at 0x56543da7ab90
                 in        = []
                 out       = []
                 exception in  = []
                 exception out = []
         9 [0x56543da5ad90] BBStart at 0x56543da7ad10
                 in        = [6(0) ]
                 out       = [12(0) ]
                 exception in  = []
                 exception out = []
        10 [0x56543da5aee0] BBStart at 0x56543da7ad90
                 in        = []
                 out       = []
                 exception in  = []
                 exception out = []
        11 [0x56543da5b0e0] BBStart at 0x56543da7ae50
                 in        = []
                 out       = []
                 exception in  = []
                 exception out = []
        12 [0x56543da5b750] BBStart at 0x56543da7b1d0
                 in        = [9(0) ]
                 out       = [15(0) ]
                 exception in  = []
                 exception out = []
        13 [0x56543da5b8a0] BBStart at 0x56543da7b250
                 in        = []
                 out       = []
                 exception in  = []
                 exception out = []
        14 [0x56543da5baa0] BBStart at 0x56543da7b310
                 in        = []
                 out       = []
                 exception in  = []
                 exception out = []
        15 [0x56543da5bd90] BBStart at 0x56543da7b390
                 in        = [12(0) ]
                 out       = [1(0) ]
                 exception in  = []
                 exception out = []
        16 [0x56543da5bee0] BBStart at 0x56543da7b410
                 in        = []
                 out       = []
                 exception in  = []
                 exception out = []
        17 [0x56543da5c0e0] BBStart at 0x56543da7b4d0
                 in        = []
                 out       = []
                 exception in  = []
                 exception out = []

</cfg>
<trees
	title="after removing unreachable blocks"
	method="/home/vm/host/wasmjit-omr/src/aot/aot-function-builder.cc:153:func_1"
	hotness="warm">

after removing unreachable blocks: for /home/vm/host/wasmjit-omr/src/aot/aot-function-builder.cc:153:func_1

------------------------------------------------------------------------------------------------------------------------------------------------------------------------
n1n       BBStart <block_2>                                                                   [0x56543da7a690] bci=[-1,0,-] rc=0 vc=0 vn=- li=- udi=- nc=0
n4n       treetop                                                                             [0x56543da7a750] bci=[-1,0,-] rc=0 vc=0 vn=- li=- udi=- nc=1
n3n         aconst NULL                                                                       [0x56543da7a710] bci=[-1,0,-] rc=2 vc=0 vn=- li=- udi=- nc=0
n5n       astore  _StackBase_2<auto slot 2>[#420  _StackBase_2] [flags 0x10007 0x0 ]          [0x56543da7a790] bci=[-1,0,-] rc=0 vc=0 vn=- li=- udi=- nc=1
n3n         ==>aconst NULL
n7n       treetop                                                                             [0x56543da7a810] bci=[-1,0,-] rc=0 vc=0 vn=- li=- udi=- nc=1
n6n         iload  p0<parm 0 I>[#419  Parm] [flags 0x40010103 0x0 ]                           [0x56543da7a7d0] bci=[-1,0,-] rc=2 vc=0 vn=- li=- udi=- nc=0
n38n      lstore  _T4<auto slot 4>[#422  _T4] [flags 0x10004 0x0 ]                            [0x56543da7afd0] bci=[-1,0,-] rc=0 vc=0 vn=- li=- udi=- nc=1
n8n         i2l                                                                               [0x56543da7a850] bci=[-1,0,-] rc=1 vc=0 vn=- li=- udi=- nc=1
n6n           ==>iload
n2n       BBEnd </block_2> =====                                                              [0x56543da7a6d0] bci=[-1,0,-] rc=0 vc=0 vn=- li=- udi=- nc=0

n10n      BBStart <block_3>                                                                   [0x56543da7a8d0] bci=[-1,0,-] rc=0 vc=0 vn=- li=- udi=- nc=0
n20n      goto --> block_6 BBStart at n16n                                                    [0x56543da7ab50] bci=[-1,0,-] rc=0 vc=0 vn=- li=- udi=- nc=0
n11n      BBEnd </block_3> =====                                                              [0x56543da7a910] bci=[-1,0,-] rc=0 vc=0 vn=- li=- udi=- nc=0

n16n      BBStart <block_6>                                                                   [0x56543da7aa50] bci=[-1,1,-] rc=0 vc=0 vn=- li=- udi=- nc=0
n24n      treetop                                                                             [0x56543da7ac50] bci=[-1,0,-] rc=0 vc=0 vn=- li=- udi=- nc=1
n23n        iconst 2                                                                          [0x56543da7ac10] bci=[-1,0,-] rc=2 vc=0 vn=- li=- udi=- nc=0
n34n      lstore  _T3<auto slot 3>[#421  _T3] [flags 0x10004 0x0 ]                            [0x56543da7aed0] bci=[-1,0,-] rc=0 vc=0 vn=- li=- udi=- nc=1
n25n        i2l                                                                               [0x56543da7ac90] bci=[-1,0,-] rc=1 vc=0 vn=- li=- udi=- nc=1
n23n          ==>iconst 2
n31n      goto --> block_9 BBStart at n27n                                                    [0x56543da7ae10] bci=[-1,0,-] rc=0 vc=0 vn=- li=- udi=- nc=0
n17n      BBEnd </block_6> =====                                                              [0x56543da7aa90] bci=[-1,0,-] rc=0 vc=0 vn=- li=- udi=- nc=0

n27n      BBStart <block_9>                                                                   [0x56543da7ad10] bci=[-1,2,-] rc=0 vc=0 vn=- li=- udi=- nc=0
n37n      treetop                                                                             [0x56543da7af90] bci=[-1,0,-] rc=0 vc=0 vn=- li=- udi=- nc=1
n36n        l2i                                                                               [0x56543da7af50] bci=[-1,0,-] rc=2 vc=0 vn=- li=- udi=- nc=1
n35n          lload  _T3<auto slot 3>[#421  _T3] [flags 0x10004 0x0 ]                         [0x56543da7af10] bci=[-1,0,-] rc=1 vc=0 vn=- li=- udi=- nc=0
n41n      treetop                                                                             [0x56543da7b090] bci=[-1,0,-] rc=0 vc=0 vn=- li=- udi=- nc=1
n40n        l2i                                                                               [0x56543da7b050] bci=[-1,0,-] rc=2 vc=0 vn=- li=- udi=- nc=1
n39n          lload  _T4<auto slot 4>[#422  _T4] [flags 0x10004 0x0 ]                         [0x56543da7b010] bci=[-1,0,-] rc=1 vc=0 vn=- li=- udi=- nc=0
n43n      treetop                                                                             [0x56543da7b110] bci=[-1,0,-] rc=0 vc=0 vn=- li=- udi=- nc=1
n42n        isub                                                                              [0x56543da7b0d0] bci=[-1,0,-] rc=2 vc=0 vn=- li=- udi=- nc=2
n40n          ==>l2i
n36n          ==>l2i
n60n      lstore  <temp slot 5>[#423  _T5] [flags 0x10004 0x0 ]                               [0x56543da7b550] bci=[-1,0,-] rc=0 vc=0 vn=- li=- udi=- nc=1
n44n        i2l                                                                               [0x56543da7b150] bci=[-1,0,-] rc=1 vc=0 vn=- li=- udi=- nc=1
n42n          ==>isub
n50n      goto --> block_12 BBStart at n46n                                                   [0x56543da7b2d0] bci=[-1,0,-] rc=0 vc=0 vn=- li=- udi=- nc=0
n28n      BBEnd </block_9> =====                                                              [0x56543da7ad50] bci=[-1,0,-] rc=0 vc=0 vn=- li=- udi=- nc=0

n46n      BBStart <block_12>                                                                  [0x56543da7b1d0] bci=[-1,3,-] rc=0 vc=0 vn=- li=- udi=- nc=0
n57n      goto --> block_15 BBStart at n53n                                                   [0x56543da7b490] bci=[-1,0,-] rc=0 vc=0 vn=- li=- udi=- nc=0
n47n      BBEnd </block_12> =====                                                             [0x56543da7b210] bci=[-1,0,-] rc=0 vc=0 vn=- li=- udi=- nc=0

n53n      BBStart <block_15>                                                                  [0x56543da7b390] bci=[-1,4,-] rc=0 vc=0 vn=- li=- udi=- nc=0
n63n      treetop                                                                             [0x56543da7b610] bci=[-1,0,-] rc=0 vc=0 vn=- li=- udi=- nc=1
n62n        l2i                                                                               [0x56543da7b5d0] bci=[-1,0,-] rc=2 vc=0 vn=- li=- udi=- nc=1
n61n          lload  <temp slot 5>[#423  _T5] [flags 0x10004 0x0 ]                            [0x56543da7b590] bci=[-1,0,-] rc=1 vc=0 vn=- li=- udi=- nc=0
n64n      ireturn                                                                             [0x56543da7b650] bci=[-1,0,-] rc=0 vc=0 vn=- li=- udi=- nc=1
n62n        ==>l2i
n54n      BBEnd </block_15>                                                                   [0x56543da7b3d0] bci=[-1,0,-] rc=0 vc=0 vn=- li=- udi=- nc=0

index:       node global index
bci=[x,y,z]: byte-code-info [callee-index, bytecode-index, line-number]
rc:          reference count
vc:          visit count
vn:          value number
li:          local index
udi:         use/def index
nc:          number of children
addr:        address size in bytes
flg:         node flags

Number of nodes = 41, symRefCount = 424
</trees>

<cfg>
         0 [0x56543da596d0] entry
                 in        = []
                 out       = [2(0) ]
                 exception in  = []
                 exception out = []
         1 [0x56543da595e0] exit
                 in        = [15(0) ]
                 out       = []
                 exception in  = []
                 exception out = []
         2 [0x56543da59820] BBStart at 0x56543da7a690
                 in        = [0(0) ]
                 out       = [3(0) ]
                 exception in  = []
                 exception out = []
         3 [0x56543da59fa0] BBStart at 0x56543da7a8d0
                 in        = [2(0) ]
                 out       = [6(0) ]
                 exception in  = []
                 exception out = []
         6 [0x56543da5a690] BBStart at 0x56543da7aa50
                 in        = [3(0) ]
                 out       = [9(0) ]
                 exception in  = []
                 exception out = []
         9 [0x56543da5ad90] BBStart at 0x56543da7ad10
                 in        = [6(0) ]
                 out       = [12(0) ]
                 exception in  = []
                 exception out = []
        12 [0x56543da5b750] BBStart at 0x56543da7b1d0
                 in        = [9(0) ]
                 out       = [15(0) ]
                 exception in  = []
                 exception out = []
        15 [0x56543da5bd90] BBStart at 0x56543da7b390
                 in        = [12(0) ]
                 out       = [1(0) ]
                 exception in  = []
                 exception out = []

</cfg>
genIL() returned 1
<trees
	title="Pre IlGenOpt Trees"
	method="/home/vm/host/wasmjit-omr/src/aot/aot-function-builder.cc:153:func_1"
	hotness="warm">

Pre IlGenOpt Trees: for /home/vm/host/wasmjit-omr/src/aot/aot-function-builder.cc:153:func_1

------------------------------------------------------------------------------------------------------------------------------------------------------------------------
n1n       BBStart <block_2>                                                                   [0x56543da7a690] bci=[-1,0,-] rc=0 vc=0 vn=- li=- udi=- nc=0
n4n       treetop                                                                             [0x56543da7a750] bci=[-1,0,-] rc=0 vc=0 vn=- li=- udi=- nc=1
n3n         aconst NULL                                                                       [0x56543da7a710] bci=[-1,0,-] rc=2 vc=0 vn=- li=- udi=- nc=0
n5n       astore  _StackBase_2<auto slot 2>[#420  _StackBase_2] [flags 0x10007 0x0 ]          [0x56543da7a790] bci=[-1,0,-] rc=0 vc=0 vn=- li=- udi=- nc=1
n3n         ==>aconst NULL
n7n       treetop                                                                             [0x56543da7a810] bci=[-1,0,-] rc=0 vc=0 vn=- li=- udi=- nc=1
n6n         iload  p0<parm 0 I>[#419  Parm] [flags 0x40010103 0x0 ]                           [0x56543da7a7d0] bci=[-1,0,-] rc=2 vc=0 vn=- li=- udi=- nc=0
n38n      lstore  _T4<auto slot 4>[#422  _T4] [flags 0x10004 0x0 ]                            [0x56543da7afd0] bci=[-1,0,-] rc=0 vc=0 vn=- li=- udi=- nc=1
n8n         i2l                                                                               [0x56543da7a850] bci=[-1,0,-] rc=1 vc=0 vn=- li=- udi=- nc=1
n6n           ==>iload
n2n       BBEnd </block_2> =====                                                              [0x56543da7a6d0] bci=[-1,0,-] rc=0 vc=0 vn=- li=- udi=- nc=0

n10n      BBStart <block_3>                                                                   [0x56543da7a8d0] bci=[-1,0,-] rc=0 vc=0 vn=- li=- udi=- nc=0
n20n      goto --> block_6 BBStart at n16n                                                    [0x56543da7ab50] bci=[-1,0,-] rc=0 vc=0 vn=- li=- udi=- nc=0
n11n      BBEnd </block_3> =====                                                              [0x56543da7a910] bci=[-1,0,-] rc=0 vc=0 vn=- li=- udi=- nc=0

n16n      BBStart <block_6>                                                                   [0x56543da7aa50] bci=[-1,1,-] rc=0 vc=0 vn=- li=- udi=- nc=0
n24n      treetop                                                                             [0x56543da7ac50] bci=[-1,0,-] rc=0 vc=0 vn=- li=- udi=- nc=1
n23n        iconst 2                                                                          [0x56543da7ac10] bci=[-1,0,-] rc=2 vc=0 vn=- li=- udi=- nc=0
n34n      lstore  _T3<auto slot 3>[#421  _T3] [flags 0x10004 0x0 ]                            [0x56543da7aed0] bci=[-1,0,-] rc=0 vc=0 vn=- li=- udi=- nc=1
n25n        i2l                                                                               [0x56543da7ac90] bci=[-1,0,-] rc=1 vc=0 vn=- li=- udi=- nc=1
n23n          ==>iconst 2
n31n      goto --> block_9 BBStart at n27n                                                    [0x56543da7ae10] bci=[-1,0,-] rc=0 vc=0 vn=- li=- udi=- nc=0
n17n      BBEnd </block_6> =====                                                              [0x56543da7aa90] bci=[-1,0,-] rc=0 vc=0 vn=- li=- udi=- nc=0

n27n      BBStart <block_9>                                                                   [0x56543da7ad10] bci=[-1,2,-] rc=0 vc=0 vn=- li=- udi=- nc=0
n37n      treetop                                                                             [0x56543da7af90] bci=[-1,0,-] rc=0 vc=0 vn=- li=- udi=- nc=1
n36n        l2i                                                                               [0x56543da7af50] bci=[-1,0,-] rc=2 vc=0 vn=- li=- udi=- nc=1
n35n          lload  _T3<auto slot 3>[#421  _T3] [flags 0x10004 0x0 ]                         [0x56543da7af10] bci=[-1,0,-] rc=1 vc=0 vn=- li=- udi=- nc=0
n41n      treetop                                                                             [0x56543da7b090] bci=[-1,0,-] rc=0 vc=0 vn=- li=- udi=- nc=1
n40n        l2i                                                                               [0x56543da7b050] bci=[-1,0,-] rc=2 vc=0 vn=- li=- udi=- nc=1
n39n          lload  _T4<auto slot 4>[#422  _T4] [flags 0x10004 0x0 ]                         [0x56543da7b010] bci=[-1,0,-] rc=1 vc=0 vn=- li=- udi=- nc=0
n43n      treetop                                                                             [0x56543da7b110] bci=[-1,0,-] rc=0 vc=0 vn=- li=- udi=- nc=1
n42n        isub                                                                              [0x56543da7b0d0] bci=[-1,0,-] rc=2 vc=0 vn=- li=- udi=- nc=2
n40n          ==>l2i
n36n          ==>l2i
n60n      lstore  <temp slot 5>[#423  _T5] [flags 0x10004 0x0 ]                               [0x56543da7b550] bci=[-1,0,-] rc=0 vc=0 vn=- li=- udi=- nc=1
n44n        i2l                                                                               [0x56543da7b150] bci=[-1,0,-] rc=1 vc=0 vn=- li=- udi=- nc=1
n42n          ==>isub
n50n      goto --> block_12 BBStart at n46n                                                   [0x56543da7b2d0] bci=[-1,0,-] rc=0 vc=0 vn=- li=- udi=- nc=0
n28n      BBEnd </block_9> =====                                                              [0x56543da7ad50] bci=[-1,0,-] rc=0 vc=0 vn=- li=- udi=- nc=0

n46n      BBStart <block_12>                                                                  [0x56543da7b1d0] bci=[-1,3,-] rc=0 vc=0 vn=- li=- udi=- nc=0
n57n      goto --> block_15 BBStart at n53n                                                   [0x56543da7b490] bci=[-1,0,-] rc=0 vc=0 vn=- li=- udi=- nc=0
n47n      BBEnd </block_12> =====                                                             [0x56543da7b210] bci=[-1,0,-] rc=0 vc=0 vn=- li=- udi=- nc=0

n53n      BBStart <block_15>                                                                  [0x56543da7b390] bci=[-1,4,-] rc=0 vc=0 vn=- li=- udi=- nc=0
n63n      treetop                                                                             [0x56543da7b610] bci=[-1,0,-] rc=0 vc=0 vn=- li=- udi=- nc=1
n62n        l2i                                                                               [0x56543da7b5d0] bci=[-1,0,-] rc=2 vc=0 vn=- li=- udi=- nc=1
n61n          lload  <temp slot 5>[#423  _T5] [flags 0x10004 0x0 ]                            [0x56543da7b590] bci=[-1,0,-] rc=1 vc=0 vn=- li=- udi=- nc=0
n64n      ireturn                                                                             [0x56543da7b650] bci=[-1,0,-] rc=0 vc=0 vn=- li=- udi=- nc=1
n62n        ==>l2i
n54n      BBEnd </block_15>                                                                   [0x56543da7b3d0] bci=[-1,0,-] rc=0 vc=0 vn=- li=- udi=- nc=0

index:       node global index
bci=[x,y,z]: byte-code-info [callee-index, bytecode-index, line-number]
rc:          reference count
vc:          visit count
vn:          value number
li:          local index
udi:         use/def index
nc:          number of children
addr:        address size in bytes
flg:         node flags

Number of nodes = 41, symRefCount = 424
</trees>

<cfg>
         0 [0x56543da596d0] entry
                 in        = []
                 out       = [2(0) ]
                 exception in  = []
                 exception out = []
         1 [0x56543da595e0] exit
                 in        = [15(0) ]
                 out       = []
                 exception in  = []
                 exception out = []
         2 [0x56543da59820] BBStart at 0x56543da7a690
                 in        = [0(0) ]
                 out       = [3(0) ]
                 exception in  = []
                 exception out = []
         3 [0x56543da59fa0] BBStart at 0x56543da7a8d0
                 in        = [2(0) ]
                 out       = [6(0) ]
                 exception in  = []
                 exception out = []
         6 [0x56543da5a690] BBStart at 0x56543da7aa50
                 in        = [3(0) ]
                 out       = [9(0) ]
                 exception in  = []
                 exception out = []
         9 [0x56543da5ad90] BBStart at 0x56543da7ad10
                 in        = [6(0) ]
                 out       = [12(0) ]
                 exception in  = []
                 exception out = []
        12 [0x56543da5b750] BBStart at 0x56543da7b1d0
                 in        = [9(0) ]
                 out       = [15(0) ]
                 exception in  = []
                 exception out = []
        15 [0x56543da5bd90] BBStart at 0x56543da7b390
                 in        = [12(0) ]
                 out       = [1(0) ]
                 exception in  = []
                 exception out = []

</cfg>
<optimize
	method="/home/vm/host/wasmjit-omr/src/aot/aot-function-builder.cc:153:func_1"
	hotness="warm">
</optimize>
</ilgen>
<trees
	title="Initial Trees"
	method="/home/vm/host/wasmjit-omr/src/aot/aot-function-builder.cc:153:func_1"
	hotness="warm">

Initial Trees: for /home/vm/host/wasmjit-omr/src/aot/aot-function-builder.cc:153:func_1

------------------------------------------------------------------------------------------------------------------------------------------------------------------------
n1n       BBStart <block_2>                                                                   [0x56543da7a690] bci=[-1,0,-] rc=0 vc=0 vn=- li=- udi=- nc=0
n4n       treetop                                                                             [0x56543da7a750] bci=[-1,0,-] rc=0 vc=0 vn=- li=- udi=- nc=1
n3n         aconst NULL                                                                       [0x56543da7a710] bci=[-1,0,-] rc=2 vc=0 vn=- li=- udi=- nc=0
n5n       astore  _StackBase_2<auto slot 2>[#420  _StackBase_2] [flags 0x10007 0x0 ]          [0x56543da7a790] bci=[-1,0,-] rc=0 vc=0 vn=- li=- udi=- nc=1
n3n         ==>aconst NULL
n7n       treetop                                                                             [0x56543da7a810] bci=[-1,0,-] rc=0 vc=0 vn=- li=- udi=- nc=1
n6n         iload  p0<parm 0 I>[#419  Parm] [flags 0x40010103 0x0 ]                           [0x56543da7a7d0] bci=[-1,0,-] rc=2 vc=0 vn=- li=- udi=- nc=0
n38n      lstore  _T4<auto slot 4>[#422  _T4] [flags 0x10004 0x0 ]                            [0x56543da7afd0] bci=[-1,0,-] rc=0 vc=0 vn=- li=- udi=- nc=1
n8n         i2l                                                                               [0x56543da7a850] bci=[-1,0,-] rc=1 vc=0 vn=- li=- udi=- nc=1
n6n           ==>iload
n2n       BBEnd </block_2> =====                                                              [0x56543da7a6d0] bci=[-1,0,-] rc=0 vc=0 vn=- li=- udi=- nc=0

n10n      BBStart <block_3>                                                                   [0x56543da7a8d0] bci=[-1,0,-] rc=0 vc=0 vn=- li=- udi=- nc=0
n20n      goto --> block_6 BBStart at n16n                                                    [0x56543da7ab50] bci=[-1,0,-] rc=0 vc=0 vn=- li=- udi=- nc=0
n11n      BBEnd </block_3> =====                                                              [0x56543da7a910] bci=[-1,0,-] rc=0 vc=0 vn=- li=- udi=- nc=0

n16n      BBStart <block_6>                                                                   [0x56543da7aa50] bci=[-1,1,-] rc=0 vc=0 vn=- li=- udi=- nc=0
n24n      treetop                                                                             [0x56543da7ac50] bci=[-1,0,-] rc=0 vc=0 vn=- li=- udi=- nc=1
n23n        iconst 2                                                                          [0x56543da7ac10] bci=[-1,0,-] rc=2 vc=0 vn=- li=- udi=- nc=0
n34n      lstore  _T3<auto slot 3>[#421  _T3] [flags 0x10004 0x0 ]                            [0x56543da7aed0] bci=[-1,0,-] rc=0 vc=0 vn=- li=- udi=- nc=1
n25n        i2l                                                                               [0x56543da7ac90] bci=[-1,0,-] rc=1 vc=0 vn=- li=- udi=- nc=1
n23n          ==>iconst 2
n31n      goto --> block_9 BBStart at n27n                                                    [0x56543da7ae10] bci=[-1,0,-] rc=0 vc=0 vn=- li=- udi=- nc=0
n17n      BBEnd </block_6> =====                                                              [0x56543da7aa90] bci=[-1,0,-] rc=0 vc=0 vn=- li=- udi=- nc=0

n27n      BBStart <block_9>                                                                   [0x56543da7ad10] bci=[-1,2,-] rc=0 vc=0 vn=- li=- udi=- nc=0
n37n      treetop                                                                             [0x56543da7af90] bci=[-1,0,-] rc=0 vc=0 vn=- li=- udi=- nc=1
n36n        l2i                                                                               [0x56543da7af50] bci=[-1,0,-] rc=2 vc=0 vn=- li=- udi=- nc=1
n35n          lload  _T3<auto slot 3>[#421  _T3] [flags 0x10004 0x0 ]                         [0x56543da7af10] bci=[-1,0,-] rc=1 vc=0 vn=- li=- udi=- nc=0
n41n      treetop                                                                             [0x56543da7b090] bci=[-1,0,-] rc=0 vc=0 vn=- li=- udi=- nc=1
n40n        l2i                                                                               [0x56543da7b050] bci=[-1,0,-] rc=2 vc=0 vn=- li=- udi=- nc=1
n39n          lload  _T4<auto slot 4>[#422  _T4] [flags 0x10004 0x0 ]                         [0x56543da7b010] bci=[-1,0,-] rc=1 vc=0 vn=- li=- udi=- nc=0
n43n      treetop                                                                             [0x56543da7b110] bci=[-1,0,-] rc=0 vc=0 vn=- li=- udi=- nc=1
n42n        isub                                                                              [0x56543da7b0d0] bci=[-1,0,-] rc=2 vc=0 vn=- li=- udi=- nc=2
n40n          ==>l2i
n36n          ==>l2i
n60n      lstore  <temp slot 5>[#423  _T5] [flags 0x10004 0x0 ]                               [0x56543da7b550] bci=[-1,0,-] rc=0 vc=0 vn=- li=- udi=- nc=1
n44n        i2l                                                                               [0x56543da7b150] bci=[-1,0,-] rc=1 vc=0 vn=- li=- udi=- nc=1
n42n          ==>isub
n50n      goto --> block_12 BBStart at n46n                                                   [0x56543da7b2d0] bci=[-1,0,-] rc=0 vc=0 vn=- li=- udi=- nc=0
n28n      BBEnd </block_9> =====                                                              [0x56543da7ad50] bci=[-1,0,-] rc=0 vc=0 vn=- li=- udi=- nc=0

n46n      BBStart <block_12>                                                                  [0x56543da7b1d0] bci=[-1,3,-] rc=0 vc=0 vn=- li=- udi=- nc=0
n57n      goto --> block_15 BBStart at n53n                                                   [0x56543da7b490] bci=[-1,0,-] rc=0 vc=0 vn=- li=- udi=- nc=0
n47n      BBEnd </block_12> =====                                                             [0x56543da7b210] bci=[-1,0,-] rc=0 vc=0 vn=- li=- udi=- nc=0

n53n      BBStart <block_15>                                                                  [0x56543da7b390] bci=[-1,4,-] rc=0 vc=0 vn=- li=- udi=- nc=0
n63n      treetop                                                                             [0x56543da7b610] bci=[-1,0,-] rc=0 vc=0 vn=- li=- udi=- nc=1
n62n        l2i                                                                               [0x56543da7b5d0] bci=[-1,0,-] rc=2 vc=0 vn=- li=- udi=- nc=1
n61n          lload  <temp slot 5>[#423  _T5] [flags 0x10004 0x0 ]                            [0x56543da7b590] bci=[-1,0,-] rc=1 vc=0 vn=- li=- udi=- nc=0
n64n      ireturn                                                                             [0x56543da7b650] bci=[-1,0,-] rc=0 vc=0 vn=- li=- udi=- nc=1
n62n        ==>l2i
n54n      BBEnd </block_15>                                                                   [0x56543da7b3d0] bci=[-1,0,-] rc=0 vc=0 vn=- li=- udi=- nc=0

index:       node global index
bci=[x,y,z]: byte-code-info [callee-index, bytecode-index, line-number]
rc:          reference count
vc:          visit count
vn:          value number
li:          local index
udi:         use/def index
nc:          number of children
addr:        address size in bytes
flg:         node flags

Number of nodes = 41, symRefCount = 424
</trees>

<cfg>
         0 [0x56543da596d0] entry
                 in        = []
                 out       = [2(0) ]
                 exception in  = []
                 exception out = []
         1 [0x56543da595e0] exit
                 in        = [15(0) ]
                 out       = []
                 exception in  = []
                 exception out = []
         2 [0x56543da59820] BBStart at 0x56543da7a690
                 in        = [0(0) ]
                 out       = [3(0) ]
                 exception in  = []
                 exception out = []
         3 [0x56543da59fa0] BBStart at 0x56543da7a8d0
                 in        = [2(0) ]
                 out       = [6(0) ]
                 exception in  = []
                 exception out = []
         6 [0x56543da5a690] BBStart at 0x56543da7aa50
                 in        = [3(0) ]
                 out       = [9(0) ]
                 exception in  = []
                 exception out = []
         9 [0x56543da5ad90] BBStart at 0x56543da7ad10
                 in        = [6(0) ]
                 out       = [12(0) ]
                 exception in  = []
                 exception out = []
        12 [0x56543da5b750] BBStart at 0x56543da7b1d0
                 in        = [9(0) ]
                 out       = [15(0) ]
                 exception in  = []
                 exception out = []
        15 [0x56543da5bd90] BBStart at 0x56543da7b390
                 in        = [12(0) ]
                 out       = [1(0) ]
                 exception in  = []
                 exception out = []

</cfg>

This method is warm
<optimize
	method="/home/vm/host/wasmjit-omr/src/aot/aot-function-builder.cc:153:func_1"
	hotness="warm">
<optimization id=1 name=deadTreesElimination method=/home/vm/host/wasmjit-omr/src/aot/aot-function-builder.cc:153:func_1>
Performing 1: deadTreesElimination
            (Building alias info)
[    30] O^O DEAD TREES ELIMINATION: Remove tree : [0x56543da7a750] ([0x56543da7a710] = aconst)
[    31] O^O DEAD TREES ELIMINATION: Remove tree : [0x56543da7a810] ([0x56543da7a7d0] = iload)
[    32] O^O DEAD TREES ELIMINATION: Remove tree : [0x56543da7ac50] ([0x56543da7ac10] = iconst)
[    33] O^O DEAD TREES ELIMINATION: Remove tree : [0x56543da7af90] ([0x56543da7af50] = l2i)
[    34] O^O DEAD TREES ELIMINATION: Remove tree : [0x56543da7b090] ([0x56543da7b050] = l2i)
[    35] O^O DEAD TREES ELIMINATION: Remove tree : [0x56543da7b110] ([0x56543da7b0d0] = isub)
[    36] O^O DEAD TREES ELIMINATION: Remove tree : [0x56543da7b610] ([0x56543da7b5d0] = l2i)
<trees
	title="Trees after deadTreesElimination"
	method="/home/vm/host/wasmjit-omr/src/aot/aot-function-builder.cc:153:func_1"
	hotness="warm">

Trees after deadTreesElimination: for /home/vm/host/wasmjit-omr/src/aot/aot-function-builder.cc:153:func_1

------------------------------------------------------------------------------------------------------------------------------------------------------------------------
n1n       BBStart <block_2>                                                                   [0x56543da7a690] bci=[-1,0,-] rc=0 vc=4 vn=- li=-1 udi=- nc=0
n5n       astore  _StackBase_2<auto slot 2>[#420  _StackBase_2] [flags 0x10007 0x0 ]          [0x56543da7a790] bci=[-1,0,-] rc=0 vc=4 vn=- li=-1 udi=- nc=1
n3n         aconst NULL                                                                       [0x56543da7a710] bci=[-1,0,-] rc=1 vc=4 vn=- li=- udi=- nc=0
n38n      lstore  _T4<auto slot 4>[#422  _T4] [flags 0x10004 0x0 ]                            [0x56543da7afd0] bci=[-1,0,-] rc=0 vc=4 vn=- li=-1 udi=- nc=1
n8n         i2l                                                                               [0x56543da7a850] bci=[-1,0,-] rc=1 vc=4 vn=- li=- udi=- nc=1
n6n           iload  p0<parm 0 I>[#419  Parm] [flags 0x40010103 0x0 ]                         [0x56543da7a7d0] bci=[-1,0,-] rc=1 vc=4 vn=- li=- udi=- nc=0
n2n       BBEnd </block_2> =====                                                              [0x56543da7a6d0] bci=[-1,0,-] rc=0 vc=4 vn=- li=-1 udi=- nc=0

n10n      BBStart <block_3>                                                                   [0x56543da7a8d0] bci=[-1,0,-] rc=0 vc=4 vn=- li=-1 udi=- nc=0
n20n      goto --> block_6 BBStart at n16n                                                    [0x56543da7ab50] bci=[-1,0,-] rc=0 vc=4 vn=- li=-1 udi=- nc=0
n11n      BBEnd </block_3> =====                                                              [0x56543da7a910] bci=[-1,0,-] rc=0 vc=4 vn=- li=-1 udi=- nc=0

n16n      BBStart <block_6>                                                                   [0x56543da7aa50] bci=[-1,1,-] rc=0 vc=4 vn=- li=-1 udi=- nc=0
n34n      lstore  _T3<auto slot 3>[#421  _T3] [flags 0x10004 0x0 ]                            [0x56543da7aed0] bci=[-1,0,-] rc=0 vc=4 vn=- li=-1 udi=- nc=1
n25n        i2l                                                                               [0x56543da7ac90] bci=[-1,0,-] rc=1 vc=4 vn=- li=- udi=- nc=1
n23n          iconst 2                                                                        [0x56543da7ac10] bci=[-1,0,-] rc=1 vc=4 vn=- li=- udi=- nc=0
n31n      goto --> block_9 BBStart at n27n                                                    [0x56543da7ae10] bci=[-1,0,-] rc=0 vc=4 vn=- li=-1 udi=- nc=0
n17n      BBEnd </block_6> =====                                                              [0x56543da7aa90] bci=[-1,0,-] rc=0 vc=4 vn=- li=-1 udi=- nc=0

n27n      BBStart <block_9>                                                                   [0x56543da7ad10] bci=[-1,2,-] rc=0 vc=4 vn=- li=-1 udi=- nc=0
n60n      lstore  <temp slot 5>[#423  _T5] [flags 0x10004 0x0 ]                               [0x56543da7b550] bci=[-1,0,-] rc=0 vc=4 vn=- li=-1 udi=- nc=1
n44n        i2l                                                                               [0x56543da7b150] bci=[-1,0,-] rc=1 vc=4 vn=- li=- udi=- nc=1
n42n          isub                                                                            [0x56543da7b0d0] bci=[-1,0,-] rc=1 vc=4 vn=- li=- udi=- nc=2
n40n            l2i                                                                           [0x56543da7b050] bci=[-1,0,-] rc=1 vc=4 vn=- li=- udi=- nc=1
n39n              lload  _T4<auto slot 4>[#422  _T4] [flags 0x10004 0x0 ]                     [0x56543da7b010] bci=[-1,0,-] rc=1 vc=4 vn=- li=- udi=- nc=0
n36n            l2i                                                                           [0x56543da7af50] bci=[-1,0,-] rc=1 vc=4 vn=- li=- udi=- nc=1
n35n              lload  _T3<auto slot 3>[#421  _T3] [flags 0x10004 0x0 ]                     [0x56543da7af10] bci=[-1,0,-] rc=1 vc=4 vn=- li=- udi=- nc=0
n50n      goto --> block_12 BBStart at n46n                                                   [0x56543da7b2d0] bci=[-1,0,-] rc=0 vc=4 vn=- li=-1 udi=- nc=0
n28n      BBEnd </block_9> =====                                                              [0x56543da7ad50] bci=[-1,0,-] rc=0 vc=4 vn=- li=-1 udi=- nc=0

n46n      BBStart <block_12>                                                                  [0x56543da7b1d0] bci=[-1,3,-] rc=0 vc=4 vn=- li=-1 udi=- nc=0
n57n      goto --> block_15 BBStart at n53n                                                   [0x56543da7b490] bci=[-1,0,-] rc=0 vc=4 vn=- li=-1 udi=- nc=0
n47n      BBEnd </block_12> =====                                                             [0x56543da7b210] bci=[-1,0,-] rc=0 vc=4 vn=- li=-1 udi=- nc=0

n53n      BBStart <block_15>                                                                  [0x56543da7b390] bci=[-1,4,-] rc=0 vc=4 vn=- li=-1 udi=- nc=0
n64n      ireturn                                                                             [0x56543da7b650] bci=[-1,0,-] rc=0 vc=4 vn=- li=-1 udi=- nc=1
n62n        l2i                                                                               [0x56543da7b5d0] bci=[-1,0,-] rc=1 vc=4 vn=- li=- udi=- nc=1
n61n          lload  <temp slot 5>[#423  _T5] [flags 0x10004 0x0 ]                            [0x56543da7b590] bci=[-1,0,-] rc=1 vc=4 vn=- li=- udi=- nc=0
n54n      BBEnd </block_15>                                                                   [0x56543da7b3d0] bci=[-1,0,-] rc=0 vc=4 vn=- li=-1 udi=- nc=0

index:       node global index
bci=[x,y,z]: byte-code-info [callee-index, bytecode-index, line-number]
rc:          reference count
vc:          visit count
vn:          value number
li:          local index
udi:         use/def index
nc:          number of children
addr:        address size in bytes
flg:         node flags

Number of nodes = 34, symRefCount = 424
</trees>

<cfg>
         0 [0x56543da596d0] entry
                 in        = []
                 out       = [2(0) ]
                 exception in  = []
                 exception out = []
         1 [0x56543da595e0] exit
                 in        = [15(0) ]
                 out       = []
                 exception in  = []
                 exception out = []
         2 [0x56543da59820] BBStart at 0x56543da7a690
                 in        = [0(0) ]
                 out       = [3(0) ]
                 exception in  = []
                 exception out = []
         3 [0x56543da59fa0] BBStart at 0x56543da7a8d0
                 in        = [2(0) ]
                 out       = [6(0) ]
                 exception in  = []
                 exception out = []
         6 [0x56543da5a690] BBStart at 0x56543da7aa50
                 in        = [3(0) ]
                 out       = [9(0) ]
                 exception in  = []
                 exception out = []
         9 [0x56543da5ad90] BBStart at 0x56543da7ad10
                 in        = [6(0) ]
                 out       = [12(0) ]
                 exception in  = []
                 exception out = []
        12 [0x56543da5b750] BBStart at 0x56543da7b1d0
                 in        = [9(0) ]
                 out       = [15(0) ]
                 exception in  = []
                 exception out = []
        15 [0x56543da5bd90] BBStart at 0x56543da7b390
                 in        = [12(0) ]
                 out       = [1(0) ]
                 exception in  = []
                 exception out = []

</cfg>
</optimization>

<optimization id=2 name=inlining method=/home/vm/host/wasmjit-omr/src/aot/aot-function-builder.cc:153:func_1>
Performing 2: inlining
         No transformations done by this pass -- omitting listings
</optimization>

<optimization id=3 name=treeSimplification method=/home/vm/host/wasmjit-omr/src/aot/aot-function-builder.cc:153:func_1>
Performing 3: treeSimplification
[    37] O^O TREE SIMPLIFICATION: Merge blocks: block_2 and block_3
[    38] O^O TREE SIMPLIFICATION: Removing goto [0x56543da7ab50] to following block
[    39] O^O TREE SIMPLIFICATION: Removing redundant node [0x56543da7ab50] goto
[    40] O^O TREE SIMPLIFICATION: Merge blocks: block_2 and block_6
[    41] O^O TREE SIMPLIFICATION: Constant folding node [0x56543da7ac90] i2l          to lconst          0x2
[    42] O^O TREE SIMPLIFICATION: Removing goto [0x56543da7ae10] to following block
[    43] O^O TREE SIMPLIFICATION: Removing redundant node [0x56543da7ae10] goto
[    44] O^O TREE SIMPLIFICATION: Merge blocks: block_2 and block_9
[    45] O^O TREE SIMPLIFICATION: Removing goto [0x56543da7b2d0] to following block
[    46] O^O TREE SIMPLIFICATION: Removing redundant node [0x56543da7b2d0] goto
[    47] O^O TREE SIMPLIFICATION: Merge blocks: block_2 and block_12
[    48] O^O TREE SIMPLIFICATION: Removing goto [0x56543da7b490] to following block
[    49] O^O TREE SIMPLIFICATION: Removing redundant node [0x56543da7b490] goto
[    50] O^O TREE SIMPLIFICATION: Merge blocks: block_2 and block_15
<trees
	title="Trees after treeSimplification"
	method="/home/vm/host/wasmjit-omr/src/aot/aot-function-builder.cc:153:func_1"
	hotness="warm">

Trees after treeSimplification: for /home/vm/host/wasmjit-omr/src/aot/aot-function-builder.cc:153:func_1

------------------------------------------------------------------------------------------------------------------------------------------------------------------------
n1n       BBStart <block_2>                                                                   [0x56543da7a690] bci=[-1,4,-] rc=0 vc=22 vn=- li=- udi=- nc=0
n5n       astore  _StackBase_2<auto slot 2>[#420  _StackBase_2] [flags 0x10007 0x0 ]          [0x56543da7a790] bci=[-1,0,-] rc=0 vc=22 vn=- li=- udi=- nc=1
n3n         aconst NULL                                                                       [0x56543da7a710] bci=[-1,0,-] rc=1 vc=22 vn=- li=- udi=- nc=0
n38n      lstore  _T4<auto slot 4>[#422  _T4] [flags 0x10004 0x0 ]                            [0x56543da7afd0] bci=[-1,0,-] rc=0 vc=22 vn=- li=- udi=- nc=1
n8n         i2l                                                                               [0x56543da7a850] bci=[-1,0,-] rc=1 vc=22 vn=- li=- udi=- nc=1
n6n           iload  p0<parm 0 I>[#419  Parm] [flags 0x40010103 0x0 ]                         [0x56543da7a7d0] bci=[-1,0,-] rc=1 vc=22 vn=- li=- udi=- nc=0
n34n      lstore  _T3<auto slot 3>[#421  _T3] [flags 0x10004 0x0 ]                            [0x56543da7aed0] bci=[-1,0,-] rc=0 vc=22 vn=- li=- udi=- nc=1
n25n        lconst 2 (highWordZero )                                                          [0x56543da7ac90] bci=[-1,0,-] rc=1 vc=22 vn=- li=- udi=- nc=0 flg=0x4000
n60n      lstore  <temp slot 5>[#423  _T5] [flags 0x10004 0x0 ]                               [0x56543da7b550] bci=[-1,0,-] rc=0 vc=22 vn=- li=- udi=- nc=1
n44n        i2l                                                                               [0x56543da7b150] bci=[-1,0,-] rc=1 vc=22 vn=- li=- udi=- nc=1
n42n          isub                                                                            [0x56543da7b0d0] bci=[-1,0,-] rc=1 vc=22 vn=- li=- udi=- nc=2
n40n            l2i                                                                           [0x56543da7b050] bci=[-1,0,-] rc=1 vc=22 vn=- li=- udi=- nc=1
n39n              lload  _T4<auto slot 4>[#422  _T4] [flags 0x10004 0x0 ]                     [0x56543da7b010] bci=[-1,0,-] rc=1 vc=22 vn=- li=- udi=- nc=0
n36n            l2i                                                                           [0x56543da7af50] bci=[-1,0,-] rc=1 vc=22 vn=- li=- udi=- nc=1
n35n              lload  _T3<auto slot 3>[#421  _T3] [flags 0x10004 0x0 ]                     [0x56543da7af10] bci=[-1,0,-] rc=1 vc=22 vn=- li=- udi=- nc=0
n64n      ireturn                                                                             [0x56543da7b650] bci=[-1,0,-] rc=0 vc=22 vn=- li=- udi=- nc=1
n62n        l2i                                                                               [0x56543da7b5d0] bci=[-1,0,-] rc=1 vc=22 vn=- li=- udi=- nc=1
n61n          lload  <temp slot 5>[#423  _T5] [flags 0x10004 0x0 ]                            [0x56543da7b590] bci=[-1,0,-] rc=1 vc=22 vn=- li=- udi=- nc=0
n54n      BBEnd </block_2>                                                                    [0x56543da7b3d0] bci=[-1,0,-] rc=0 vc=22 vn=- li=- udi=- nc=0

index:       node global index
bci=[x,y,z]: byte-code-info [callee-index, bytecode-index, line-number]
rc:          reference count
vc:          visit count
vn:          value number
li:          local index
udi:         use/def index
nc:          number of children
addr:        address size in bytes
flg:         node flags

Number of nodes = 19, symRefCount = 424
</trees>

<cfg>
         0 [0x56543da596d0] entry
                 in        = []
                 out       = [2(0) ]
                 exception in  = []
                 exception out = []
         1 [0x56543da595e0] exit
                 in        = [2(0) ]
                 out       = []
                 exception in  = []
                 exception out = []
         2 [0x56543da59820] BBStart at 0x56543da7a690
                 in        = [0(0) ]
                 out       = [1(0) ]
                 exception in  = []
                 exception out = []

</cfg>
</optimization>

<optimization id=4 name=localCSE method=/home/vm/host/wasmjit-omr/src/aot/aot-function-builder.cc:153:func_1>
Performing 4: localCSE
[    51] O^O LOCAL COMMON SUBEXPRESSION ELIMINATION:    Local Common Subexpression Elimination propagating local #422 in node : 0x56543da7b010 PARENT : 0x56543da7b050 from node 0x56543da7afd0
         O^O LOCAL COMMON SUBEXPRESSION ELIMINATION:    Rhs of store def node : 0x56543da7a850
[    52] O^O LOCAL COMMON SUBEXPRESSION ELIMINATION:    Local Common Subexpression Elimination propagating local #421 in node : 0x56543da7af10 PARENT : 0x56543da7af50 from node 0x56543da7aed0
         O^O LOCAL COMMON SUBEXPRESSION ELIMINATION:    Rhs of store def node : 0x56543da7ac90
[    53] O^O LOCAL COMMON SUBEXPRESSION ELIMINATION:    Local Common Subexpression Elimination propagating local #423 in node : 0x56543da7b590 PARENT : 0x56543da7b5d0 from node 0x56543da7b550
         O^O LOCAL COMMON SUBEXPRESSION ELIMINATION:    Rhs of store def node : 0x56543da7b150
<trees
	title="Trees after localCSE"
	method="/home/vm/host/wasmjit-omr/src/aot/aot-function-builder.cc:153:func_1"
	hotness="warm">

Trees after localCSE: for /home/vm/host/wasmjit-omr/src/aot/aot-function-builder.cc:153:func_1

------------------------------------------------------------------------------------------------------------------------------------------------------------------------
n1n       BBStart <block_2>                                                                   [0x56543da7a690] bci=[-1,4,-] rc=0 vc=22 vn=- li=- udi=- nc=0
n5n       astore  _StackBase_2<auto slot 2>[#420  _StackBase_2] [flags 0x10007 0x0 ]          [0x56543da7a790] bci=[-1,0,-] rc=0 vc=25 vn=- li=- udi=- nc=1
n3n         aconst NULL                                                                       [0x56543da7a710] bci=[-1,0,-] rc=1 vc=25 vn=- li=- udi=- nc=0
n38n      lstore  _T4<auto slot 4>[#422  _T4] [flags 0x10004 0x0 ]                            [0x56543da7afd0] bci=[-1,0,-] rc=0 vc=25 vn=- li=- udi=- nc=1
n8n         i2l                                                                               [0x56543da7a850] bci=[-1,0,-] rc=2 vc=25 vn=- li=- udi=- nc=1
n6n           iload  p0<parm 0 I>[#419  Parm] [flags 0x40010103 0x0 ]                         [0x56543da7a7d0] bci=[-1,0,-] rc=1 vc=25 vn=- li=- udi=- nc=0
n34n      lstore  _T3<auto slot 3>[#421  _T3] [flags 0x10004 0x0 ]                            [0x56543da7aed0] bci=[-1,0,-] rc=0 vc=25 vn=- li=- udi=- nc=1
n25n        lconst 2 (highWordZero )                                                          [0x56543da7ac90] bci=[-1,0,-] rc=2 vc=25 vn=- li=- udi=- nc=0 flg=0x4000
n60n      lstore  <temp slot 5>[#423  _T5] [flags 0x10004 0x0 ]                               [0x56543da7b550] bci=[-1,0,-] rc=0 vc=25 vn=- li=- udi=- nc=1
n44n        i2l                                                                               [0x56543da7b150] bci=[-1,0,-] rc=2 vc=25 vn=- li=- udi=- nc=1
n42n          isub                                                                            [0x56543da7b0d0] bci=[-1,0,-] rc=1 vc=25 vn=- li=- udi=- nc=2
n40n            l2i                                                                           [0x56543da7b050] bci=[-1,0,-] rc=1 vc=25 vn=- li=- udi=- nc=1
n8n               ==>i2l
n36n            l2i                                                                           [0x56543da7af50] bci=[-1,0,-] rc=1 vc=25 vn=- li=- udi=- nc=1
n25n              ==>lconst 2
n64n      ireturn                                                                             [0x56543da7b650] bci=[-1,0,-] rc=0 vc=25 vn=- li=- udi=- nc=1
n62n        l2i                                                                               [0x56543da7b5d0] bci=[-1,0,-] rc=1 vc=25 vn=- li=- udi=- nc=1
n44n          ==>i2l
n54n      BBEnd </block_2>                                                                    [0x56543da7b3d0] bci=[-1,0,-] rc=0 vc=25 vn=- li=- udi=- nc=0

index:       node global index
bci=[x,y,z]: byte-code-info [callee-index, bytecode-index, line-number]
rc:          reference count
vc:          visit count
vn:          value number
li:          local index
udi:         use/def index
nc:          number of children
addr:        address size in bytes
flg:         node flags

Number of nodes = 16, symRefCount = 424
</trees>

<cfg>
         0 [0x56543da596d0] entry
                 in        = []
                 out       = [2(0) ]
                 exception in  = []
                 exception out = []
         1 [0x56543da595e0] exit
                 in        = [2(0) ]
                 out       = []
                 exception in  = []
                 exception out = []
         2 [0x56543da59820] BBStart at 0x56543da7a690
                 in        = [0(0) ]
                 out       = [1(0) ]
                 exception in  = []
                 exception out = []

</cfg>
</optimization>

<optimization id=5 name=basicBlockOrdering method=/home/vm/host/wasmjit-omr/src/aot/aot-function-builder.cc:153:func_1>
Performing 5: basicBlockOrdering
            (Doing structural analysis)
[    54] O^O ORDER BLOCKS:  Propagating coldness information
[    55] O^O ORDER BLOCKS:  choose best successor for block_0 (freq:10000)
[    56] O^O ORDER BLOCKS:  choose best successor for block_2 (freq:10000)
[    57] O^O ORDER BLOCKS:  choose best successor for block_1 (freq:10000)
<trees
	title="Trees after basicBlockOrdering"
	method="/home/vm/host/wasmjit-omr/src/aot/aot-function-builder.cc:153:func_1"
	hotness="warm">

Trees after basicBlockOrdering: for /home/vm/host/wasmjit-omr/src/aot/aot-function-builder.cc:153:func_1

------------------------------------------------------------------------------------------------------------------------------------------------------------------------
n1n       BBStart <block_2> (freq 10000)                                                      [0x56543da7a690] bci=[-1,4,-] rc=0 vc=22 vn=- li=- udi=- nc=0
n5n       astore  _StackBase_2<auto slot 2>[#420  _StackBase_2] [flags 0x10007 0x0 ]          [0x56543da7a790] bci=[-1,0,-] rc=0 vc=25 vn=- li=- udi=- nc=1
n3n         aconst NULL                                                                       [0x56543da7a710] bci=[-1,0,-] rc=1 vc=25 vn=- li=- udi=- nc=0
n38n      lstore  _T4<auto slot 4>[#422  _T4] [flags 0x10004 0x0 ]                            [0x56543da7afd0] bci=[-1,0,-] rc=0 vc=25 vn=- li=- udi=- nc=1
n8n         i2l                                                                               [0x56543da7a850] bci=[-1,0,-] rc=2 vc=25 vn=- li=- udi=- nc=1
n6n           iload  p0<parm 0 I>[#419  Parm] [flags 0x40010103 0x0 ]                         [0x56543da7a7d0] bci=[-1,0,-] rc=1 vc=25 vn=- li=- udi=- nc=0
n34n      lstore  _T3<auto slot 3>[#421  _T3] [flags 0x10004 0x0 ]                            [0x56543da7aed0] bci=[-1,0,-] rc=0 vc=25 vn=- li=- udi=- nc=1
n25n        lconst 2 (highWordZero )                                                          [0x56543da7ac90] bci=[-1,0,-] rc=2 vc=25 vn=- li=- udi=- nc=0 flg=0x4000
n60n      lstore  <temp slot 5>[#423  _T5] [flags 0x10004 0x0 ]                               [0x56543da7b550] bci=[-1,0,-] rc=0 vc=25 vn=- li=- udi=- nc=1
n44n        i2l                                                                               [0x56543da7b150] bci=[-1,0,-] rc=2 vc=25 vn=- li=- udi=- nc=1
n42n          isub                                                                            [0x56543da7b0d0] bci=[-1,0,-] rc=1 vc=25 vn=- li=- udi=- nc=2
n40n            l2i                                                                           [0x56543da7b050] bci=[-1,0,-] rc=1 vc=25 vn=- li=- udi=- nc=1
n8n               ==>i2l
n36n            l2i                                                                           [0x56543da7af50] bci=[-1,0,-] rc=1 vc=25 vn=- li=- udi=- nc=1
n25n              ==>lconst 2
n64n      ireturn                                                                             [0x56543da7b650] bci=[-1,0,-] rc=0 vc=25 vn=- li=- udi=- nc=1
n62n        l2i                                                                               [0x56543da7b5d0] bci=[-1,0,-] rc=1 vc=25 vn=- li=- udi=- nc=1
n44n          ==>i2l
n54n      BBEnd </block_2>                                                                    [0x56543da7b3d0] bci=[-1,0,-] rc=0 vc=25 vn=- li=- udi=- nc=0

index:       node global index
bci=[x,y,z]: byte-code-info [callee-index, bytecode-index, line-number]
rc:          reference count
vc:          visit count
vn:          value number
li:          local index
udi:         use/def index
nc:          number of children
addr:        address size in bytes
flg:         node flags

Number of nodes = 16, symRefCount = 424
</trees>

<cfg>
         0 [0x56543da596d0] entry
                 in        = []
                 out       = [2(10000) ]
                 exception in  = []
                 exception out = []
         1 [0x56543da595e0] exit
                 in        = [2(10000) ]
                 out       = []
                 exception in  = []
                 exception out = []
         2 [0x56543da59820] BBStart at 0x56543da7a690, frequency = 10000
                 in        = [0(10000) ]
                 out       = [1(10000) ]
                 exception in  = []
                 exception out = []
<structure>
      0 [0x56543da58690] Acyclic region
         Subgraph: (* = exit edge)
               (0x56543da58760:0x56543da58630)0 --> 2(0x56543da587f0)
               (0x56543da587f0:0x56543da58570)2 --> 1(0x56543da588d0)
               (0x56543da588d0:0x56543da585d0)1 -->
         0 [0x56543da58630] Block
         2 [0x56543da58570] Block
         1 [0x56543da585d0] Block
</structure>
</cfg>
</optimization>

<optimization id=6 name=globalCopyPropagation method=/home/vm/host/wasmjit-omr/src/aot/aot-function-builder.cc:153:func_1>
Performing 6: globalCopyPropagation
            (Building use/def info)
              (Invalidating use/def info)
<trees
	title="Trees after globalCopyPropagation"
	method="/home/vm/host/wasmjit-omr/src/aot/aot-function-builder.cc:153:func_1"
	hotness="warm">

Trees after globalCopyPropagation: for /home/vm/host/wasmjit-omr/src/aot/aot-function-builder.cc:153:func_1

------------------------------------------------------------------------------------------------------------------------------------------------------------------------
n1n       BBStart <block_2> (freq 10000)                                                      [0x56543da7a690] bci=[-1,4,-] rc=0 vc=36 vn=- li=- udi=- nc=0
n5n       astore  _StackBase_2<auto slot 2>[#420  _StackBase_2] [flags 0x10007 0x0 ]          [0x56543da7a790] bci=[-1,0,-] rc=0 vc=36 vn=- li=- udi=1 nc=1
n3n         aconst NULL                                                                       [0x56543da7a710] bci=[-1,0,-] rc=1 vc=36 vn=- li=- udi=- nc=0
n38n      lstore  _T4<auto slot 4>[#422  _T4] [flags 0x10004 0x0 ]                            [0x56543da7afd0] bci=[-1,0,-] rc=0 vc=36 vn=- li=- udi=2 nc=1
n8n         i2l                                                                               [0x56543da7a850] bci=[-1,0,-] rc=2 vc=36 vn=- li=- udi=- nc=1
n6n           iload  p0<parm 0 I>[#419  Parm] [flags 0x40010103 0x0 ]                         [0x56543da7a7d0] bci=[-1,0,-] rc=1 vc=36 vn=- li=- udi=5 nc=0
n34n      lstore  _T3<auto slot 3>[#421  _T3] [flags 0x10004 0x0 ]                            [0x56543da7aed0] bci=[-1,0,-] rc=0 vc=36 vn=- li=- udi=3 nc=1
n25n        lconst 2 (highWordZero )                                                          [0x56543da7ac90] bci=[-1,0,-] rc=2 vc=36 vn=- li=- udi=- nc=0 flg=0x4000
n60n      lstore  <temp slot 5>[#423  _T5] [flags 0x10004 0x0 ]                               [0x56543da7b550] bci=[-1,0,-] rc=0 vc=36 vn=- li=- udi=4 nc=1
n44n        i2l                                                                               [0x56543da7b150] bci=[-1,0,-] rc=2 vc=36 vn=- li=- udi=- nc=1
n42n          isub                                                                            [0x56543da7b0d0] bci=[-1,0,-] rc=1 vc=36 vn=- li=- udi=- nc=2
n40n            l2i                                                                           [0x56543da7b050] bci=[-1,0,-] rc=1 vc=36 vn=- li=- udi=- nc=1
n8n               ==>i2l
n36n            l2i                                                                           [0x56543da7af50] bci=[-1,0,-] rc=1 vc=36 vn=- li=- udi=- nc=1
n25n              ==>lconst 2
n64n      ireturn                                                                             [0x56543da7b650] bci=[-1,0,-] rc=0 vc=36 vn=- li=- udi=- nc=1
n62n        l2i                                                                               [0x56543da7b5d0] bci=[-1,0,-] rc=1 vc=36 vn=- li=- udi=- nc=1
n44n          ==>i2l
n54n      BBEnd </block_2>                                                                    [0x56543da7b3d0] bci=[-1,0,-] rc=0 vc=36 vn=- li=- udi=- nc=0

index:       node global index
bci=[x,y,z]: byte-code-info [callee-index, bytecode-index, line-number]
rc:          reference count
vc:          visit count
vn:          value number
li:          local index
udi:         use/def index
nc:          number of children
addr:        address size in bytes
flg:         node flags

Number of nodes = 16, symRefCount = 424
</trees>

<cfg>
         0 [0x56543da596d0] entry
                 in        = []
                 out       = [2(10000) ]
                 exception in  = []
                 exception out = []
         1 [0x56543da595e0] exit
                 in        = [2(10000) ]
                 out       = []
                 exception in  = []
                 exception out = []
         2 [0x56543da59820] BBStart at 0x56543da7a690, frequency = 10000
                 in        = [0(10000) ]
                 out       = [1(10000) ]
                 exception in  = []
                 exception out = []
<structure>
      0 [0x56543da58690] Acyclic region
         Subgraph: (* = exit edge)
               (0x56543da58760:0x56543da58630)0 --> 2(0x56543da587f0)
               (0x56543da587f0:0x56543da58570)2 --> 1(0x56543da588d0)
               (0x56543da588d0:0x56543da585d0)1 -->
         0 [0x56543da58630] Block
         2 [0x56543da58570] Block
         1 [0x56543da585d0] Block
</structure>
</cfg>
</optimization>

<optimization id=8 name=deadTreesElimination method=/home/vm/host/wasmjit-omr/src/aot/aot-function-builder.cc:153:func_1>
Performing 8: deadTreesElimination
         No transformations done by this pass -- omitting listings
</optimization>

<optimization id=9 name=treeSimplification method=/home/vm/host/wasmjit-omr/src/aot/aot-function-builder.cc:153:func_1>
Performing 9: treeSimplification
[    58] O^O TREE SIMPLIFICATION: Constant folding node [0x56543da7af50] l2i          to iconst 2
[    59] O^O TREE SIMPLIFICATION: Removing node [0x56543da7b050] l2i and its child [0x56543da7a850] i2l
[    60] O^O TREE SIMPLIFICATION: Normalized isub of iconst > 0 in node [0x56543da7b0d0] to iadd of -iconst 
[    61] O^O TREE SIMPLIFICATION: Removing node [0x56543da7b5d0] l2i and its child [0x56543da7b150] i2l
<trees
	title="Trees after treeSimplification"
	method="/home/vm/host/wasmjit-omr/src/aot/aot-function-builder.cc:153:func_1"
	hotness="warm">

Trees after treeSimplification: for /home/vm/host/wasmjit-omr/src/aot/aot-function-builder.cc:153:func_1

------------------------------------------------------------------------------------------------------------------------------------------------------------------------
n1n       BBStart <block_2> (freq 10000)                                                      [0x56543da7a690] bci=[-1,4,-] rc=0 vc=42 vn=- li=- udi=- nc=0
n5n       astore  _StackBase_2<auto slot 2>[#420  _StackBase_2] [flags 0x10007 0x0 ]          [0x56543da7a790] bci=[-1,0,-] rc=0 vc=42 vn=- li=- udi=1 nc=1
n3n         aconst NULL                                                                       [0x56543da7a710] bci=[-1,0,-] rc=1 vc=42 vn=- li=- udi=- nc=0
n38n      lstore  _T4<auto slot 4>[#422  _T4] [flags 0x10004 0x0 ]                            [0x56543da7afd0] bci=[-1,0,-] rc=0 vc=42 vn=- li=- udi=2 nc=1
n8n         i2l                                                                               [0x56543da7a850] bci=[-1,0,-] rc=1 vc=42 vn=- li=- udi=- nc=1
n6n           iload  p0<parm 0 I>[#419  Parm] [flags 0x40010103 0x0 ]                         [0x56543da7a7d0] bci=[-1,0,-] rc=2 vc=42 vn=- li=-1 udi=5 nc=0
n34n      lstore  _T3<auto slot 3>[#421  _T3] [flags 0x10004 0x0 ]                            [0x56543da7aed0] bci=[-1,0,-] rc=0 vc=42 vn=- li=- udi=3 nc=1
n25n        lconst 2 (highWordZero )                                                          [0x56543da7ac90] bci=[-1,0,-] rc=1 vc=42 vn=- li=- udi=- nc=0 flg=0x4000
n60n      lstore  <temp slot 5>[#423  _T5] [flags 0x10004 0x0 ]                               [0x56543da7b550] bci=[-1,0,-] rc=0 vc=42 vn=- li=- udi=4 nc=1
n44n        i2l                                                                               [0x56543da7b150] bci=[-1,0,-] rc=1 vc=42 vn=- li=- udi=- nc=1
n42n          iadd                                                                            [0x56543da7b0d0] bci=[-1,0,-] rc=2 vc=0 vn=- li=- udi=- nc=2
n6n             ==>iload
n36n            iconst -2                                                                     [0x56543da7af50] bci=[-1,0,-] rc=1 vc=42 vn=- li=-1 udi=- nc=0
n64n      ireturn                                                                             [0x56543da7b650] bci=[-1,0,-] rc=0 vc=42 vn=- li=- udi=- nc=1
n42n        ==>iadd
n54n      BBEnd </block_2>                                                                    [0x56543da7b3d0] bci=[-1,0,-] rc=0 vc=42 vn=- li=- udi=- nc=0

index:       node global index
bci=[x,y,z]: byte-code-info [callee-index, bytecode-index, line-number]
rc:          reference count
vc:          visit count
vn:          value number
li:          local index
udi:         use/def index
nc:          number of children
addr:        address size in bytes
flg:         node flags

Number of nodes = 14, symRefCount = 424
</trees>

<cfg>
         0 [0x56543da596d0] entry
                 in        = []
                 out       = [2(10000) ]
                 exception in  = []
                 exception out = []
         1 [0x56543da595e0] exit
                 in        = [2(10000) ]
                 out       = []
                 exception in  = []
                 exception out = []
         2 [0x56543da59820] BBStart at 0x56543da7a690, frequency = 10000
                 in        = [0(10000) ]
                 out       = [1(10000) ]
                 exception in  = []
                 exception out = []
<structure>
      0 [0x56543da58690] Acyclic region
         Subgraph: (* = exit edge)
               (0x56543da58760:0x56543da58630)0 --> 2(0x56543da587f0)
               (0x56543da587f0:0x56543da58570)2 --> 1(0x56543da588d0)
               (0x56543da588d0:0x56543da585d0)1 -->
         0 [0x56543da58630] Block
         2 [0x56543da58570] Block
         1 [0x56543da585d0] Block
</structure>
</cfg>
</optimization>

<optimization id=10 name=basicBlockHoisting method=/home/vm/host/wasmjit-omr/src/aot/aot-function-builder.cc:153:func_1>
Performing 10: basicBlockHoisting
         No transformations done by this pass -- omitting listings
</optimization>

<optimization id=11 name=treeSimplification method=/home/vm/host/wasmjit-omr/src/aot/aot-function-builder.cc:153:func_1>
Performing 11: treeSimplification
         No transformations done by this pass -- omitting listings
</optimization>

<optimization id=13 name=localValuePropagation method=/home/vm/host/wasmjit-omr/src/aot/aot-function-builder.cc:153:func_1>
Performing 13: localValuePropagation
         No transformations done by this pass -- omitting listings
</optimization>

<optimization id=14 name=switchAnalyzer method=/home/vm/host/wasmjit-omr/src/aot/aot-function-builder.cc:153:func_1>
Performing 14: switchAnalyzer
         No transformations done by this pass -- omitting listings
</optimization>

<optimization id=15 name=localCSE method=/home/vm/host/wasmjit-omr/src/aot/aot-function-builder.cc:153:func_1>
Performing 15: localCSE
         No transformations done by this pass -- omitting listings
</optimization>

<optimization id=16 name=treeSimplification method=/home/vm/host/wasmjit-omr/src/aot/aot-function-builder.cc:153:func_1>
Performing 16: treeSimplification
         No transformations done by this pass -- omitting listings
</optimization>

<optimization id=22 name=basicBlockExtension method=/home/vm/host/wasmjit-omr/src/aot/aot-function-builder.cc:153:func_1>
Performing 22: basicBlockExtension
[    62] O^O ORDER BLOCKS:  Propagating coldness information
[    63] O^O ORDER BLOCKS:  choose best successor for block_0 (freq:10000)
[    64] O^O ORDER BLOCKS:  choose best successor for block_2 (freq:10000)
[    65] O^O ORDER BLOCKS:  choose best successor for block_1 (freq:10000)
<trees
	title="Trees after basicBlockExtension"
	method="/home/vm/host/wasmjit-omr/src/aot/aot-function-builder.cc:153:func_1"
	hotness="warm">

Trees after basicBlockExtension: for /home/vm/host/wasmjit-omr/src/aot/aot-function-builder.cc:153:func_1

------------------------------------------------------------------------------------------------------------------------------------------------------------------------
n1n       BBStart <block_2> (freq 10000)                                                      [0x56543da7a690] bci=[-1,4,-] rc=0 vc=53 vn=- li=- udi=- nc=0
n5n       astore  _StackBase_2<auto slot 2>[#420  _StackBase_2] [flags 0x10007 0x0 ] (X==0 )  [0x56543da7a790] bci=[-1,0,-] rc=0 vc=53 vn=- li=- udi=1 nc=1 flg=0x2
n3n         aconst NULL (X==0 )                                                               [0x56543da7a710] bci=[-1,0,-] rc=1 vc=53 vn=- li=- udi=- nc=0 flg=0x2
n38n      lstore  _T4<auto slot 4>[#422  _T4] [flags 0x10004 0x0 ]                            [0x56543da7afd0] bci=[-1,0,-] rc=0 vc=53 vn=- li=- udi=2 nc=1
n8n         i2l                                                                               [0x56543da7a850] bci=[-1,0,-] rc=1 vc=53 vn=- li=- udi=- nc=1
n6n           iload  p0<parm 0 I>[#419  Parm] [flags 0x40010103 0x0 ] (cannotOverflow )       [0x56543da7a7d0] bci=[-1,0,-] rc=2 vc=53 vn=- li=- udi=5 nc=0 flg=0x1000
n34n      lstore  _T3<auto slot 3>[#421  _T3] [flags 0x10004 0x0 ]                            [0x56543da7aed0] bci=[-1,0,-] rc=0 vc=53 vn=- li=- udi=3 nc=1
n25n        lconst 2 (highWordZero X!=0 X>=0 )                                                [0x56543da7ac90] bci=[-1,0,-] rc=1 vc=53 vn=- li=- udi=- nc=0 flg=0x4104
n60n      lstore  <temp slot 5>[#423  _T5] [flags 0x10004 0x0 ]                               [0x56543da7b550] bci=[-1,0,-] rc=0 vc=53 vn=- li=- udi=4 nc=1
n44n        i2l                                                                               [0x56543da7b150] bci=[-1,0,-] rc=1 vc=53 vn=- li=- udi=- nc=1
n42n          iadd                                                                            [0x56543da7b0d0] bci=[-1,0,-] rc=2 vc=53 vn=- li=- udi=- nc=2
n6n             ==>iload
n36n            iconst -2 (X!=0 X<=0 )                                                        [0x56543da7af50] bci=[-1,0,-] rc=1 vc=53 vn=- li=- udi=- nc=0 flg=0x204
n64n      ireturn                                                                             [0x56543da7b650] bci=[-1,0,-] rc=0 vc=53 vn=- li=- udi=- nc=1
n42n        ==>iadd
n54n      BBEnd </block_2>                                                                    [0x56543da7b3d0] bci=[-1,0,-] rc=0 vc=53 vn=- li=- udi=- nc=0

index:       node global index
bci=[x,y,z]: byte-code-info [callee-index, bytecode-index, line-number]
rc:          reference count
vc:          visit count
vn:          value number
li:          local index
udi:         use/def index
nc:          number of children
addr:        address size in bytes
flg:         node flags

Number of nodes = 14, symRefCount = 424
</trees>

<cfg>
         0 [0x56543da596d0] entry
                 in        = []
                 out       = [2(10000) ]
                 exception in  = []
                 exception out = []
         1 [0x56543da595e0] exit
                 in        = [2(10000) ]
                 out       = []
                 exception in  = []
                 exception out = []
         2 [0x56543da59820] BBStart at 0x56543da7a690, frequency = 10000
                 in        = [0(10000) ]
                 out       = [1(10000) ]
                 exception in  = []
                 exception out = []
<structure>
      0 [0x56543da58690] Acyclic region
         Subgraph: (* = exit edge)
               (0x56543da58760:0x56543da58630)0 --> 2(0x56543da587f0)
               (0x56543da587f0:0x56543da58570)2 --> 1(0x56543da588d0)
               (0x56543da588d0:0x56543da585d0)1 -->
         0 [0x56543da58630] Block
         2 [0x56543da58570] Block
         1 [0x56543da585d0] Block
</structure>
</cfg>
</optimization>

<optimization id=23 name=treeSimplification method=/home/vm/host/wasmjit-omr/src/aot/aot-function-builder.cc:153:func_1>
Performing 23: treeSimplification
         No transformations done by this pass -- omitting listings
</optimization>

<optimization id=24 name=localCSE method=/home/vm/host/wasmjit-omr/src/aot/aot-function-builder.cc:153:func_1>
Performing 24: localCSE
         No transformations done by this pass -- omitting listings
</optimization>

   <optgroup name=cheapTacticalGlobalRegisterAllocatorGroup>
<optimization id=27 name=redundantGotoElimination method=/home/vm/host/wasmjit-omr/src/aot/aot-function-builder.cc:153:func_1>
Performing 27: redundantGotoElimination
         No transformations done by this pass -- omitting listings
</optimization>

<optimization id=28 name=tacticalGlobalRegisterAllocator method=/home/vm/host/wasmjit-omr/src/aot/aot-function-builder.cc:153:func_1>
Performing 28: tacticalGlobalRegisterAllocator
         Weight of candidate (symRef #423 ) is 0
         Weight of candidate (symRef #422 ) is 0
         Weight of candidate (symRef #421 ) is 0
         Weight of candidate (symRef #420 ) is 0
         Weight of candidate (symRef #419 ) is 10000
[    66] O^O GLOBAL REGISTER ASSIGNER:  assign auto #419  to reg 3 (edi)
         O^O GLOBAL REGISTER ASSIGNER:  create TR::GlRegDeps [0x56543da07c10] on BBStart [0x56543da7a690]
         O^O GLOBAL REGISTER ASSIGNER:  create load [0x56543da07c50]  from Register 3
         O^O GLOBAL REGISTER ASSIGNER:  change load var [0x56543da7a7d0] of  symRef#419 to load reg
         O^O GLOBAL REGISTER ASSIGNER:  change load var [0x56543da7a7d0] of  symRef#419 to load reg
         O^O GLOBAL REGISTER ASSIGNER:  change load var [0x56543da7a7d0] of  symRef#419 to load reg
<trees
	title="Trees after tacticalGlobalRegisterAllocator"
	method="/home/vm/host/wasmjit-omr/src/aot/aot-function-builder.cc:153:func_1"
	hotness="warm">

Trees after tacticalGlobalRegisterAllocator: for /home/vm/host/wasmjit-omr/src/aot/aot-function-builder.cc:153:func_1

------------------------------------------------------------------------------------------------------------------------------------------------------------------------
n1n       BBStart <block_2> (freq 10000)                                                      [0x56543da7a690] bci=[-1,4,-] rc=0 vc=116 vn=- li=- udi=- nc=1
n68n        GlRegDeps                                                                         [0x56543da07c10] bci=[-1,4,-] rc=1 vc=0 vn=- li=- udi=- nc=1
n69n          iRegLoad edi   p0<parm 0 I>[#419  Parm] [flags 0x40010103 0x0 ] (cannotOverflow SeenRealReference )  [0x56543da07c50] bci=[-1,0,-] rc=3 vc=0 vn=- li=- udi=- nc=0 flg=0x9000
n5n       astore  _StackBase_2<auto slot 2>[#420  _StackBase_2] [flags 0x10007 0x0 ] (X==0 )  [0x56543da7a790] bci=[-1,0,-] rc=0 vc=116 vn=- li=- udi=1 nc=1 flg=0x2
n3n         aconst NULL (X==0 )                                                               [0x56543da7a710] bci=[-1,0,-] rc=1 vc=116 vn=- li=- udi=- nc=0 flg=0x2
n38n      lstore  _T4<auto slot 4>[#422  _T4] [flags 0x10004 0x0 ]                            [0x56543da7afd0] bci=[-1,0,-] rc=0 vc=116 vn=- li=- udi=2 nc=1
n8n         i2l                                                                               [0x56543da7a850] bci=[-1,0,-] rc=1 vc=116 vn=- li=- udi=- nc=1
n69n          ==>iRegLoad
n34n      lstore  _T3<auto slot 3>[#421  _T3] [flags 0x10004 0x0 ]                            [0x56543da7aed0] bci=[-1,0,-] rc=0 vc=116 vn=- li=- udi=3 nc=1
n25n        lconst 2 (highWordZero X!=0 X>=0 )                                                [0x56543da7ac90] bci=[-1,0,-] rc=1 vc=116 vn=- li=- udi=- nc=0 flg=0x4104
n60n      lstore  <temp slot 5>[#423  _T5] [flags 0x10004 0x0 ]                               [0x56543da7b550] bci=[-1,0,-] rc=0 vc=116 vn=- li=- udi=4 nc=1
n44n        i2l                                                                               [0x56543da7b150] bci=[-1,0,-] rc=1 vc=116 vn=- li=- udi=- nc=1
n42n          iadd                                                                            [0x56543da7b0d0] bci=[-1,0,-] rc=2 vc=116 vn=- li=- udi=- nc=2
n69n            ==>iRegLoad
n36n            iconst -2 (X!=0 X<=0 )                                                        [0x56543da7af50] bci=[-1,0,-] rc=1 vc=116 vn=- li=- udi=- nc=0 flg=0x204
n64n      ireturn                                                                             [0x56543da7b650] bci=[-1,0,-] rc=0 vc=116 vn=- li=- udi=- nc=1
n42n        ==>iadd
n54n      BBEnd </block_2>                                                                    [0x56543da7b3d0] bci=[-1,0,-] rc=0 vc=116 vn=- li=- udi=- nc=0

index:       node global index
bci=[x,y,z]: byte-code-info [callee-index, bytecode-index, line-number]
rc:          reference count
vc:          visit count
vn:          value number
li:          local index
udi:         use/def index
nc:          number of children
addr:        address size in bytes
flg:         node flags

Number of nodes = 15, symRefCount = 424
</trees>

<cfg>
         0 [0x56543da596d0] entry
                 in        = []
                 out       = [2(10000) ]
                 exception in  = []
                 exception out = []
         1 [0x56543da595e0] exit
                 in        = [2(10000) ]
                 out       = []
                 exception in  = []
                 exception out = []
         2 [0x56543da59820] BBStart at 0x56543da7a690, frequency = 10000
                 in        = [0(10000) ]
                 out       = [1(10000) ]
                 exception in  = []
                 exception out = []
<structure>
      0 [0x56543da58690] Acyclic region
         Subgraph: (* = exit edge)
               (0x56543da58760:0x56543da58630)0 --> 2(0x56543da587f0)
               (0x56543da587f0:0x56543da58570)2 --> 1(0x56543da588d0)
               (0x56543da588d0:0x56543da585d0)1 -->
         0 [0x56543da58630] Block
         2 [0x56543da58570] Block
         1 [0x56543da585d0] Block
</structure>
</cfg>
</optimization>

   </optgroup>
   <optgroup name=globalDeadStoreGroup>
<optimization id=30 name=deadTreesElimination method=/home/vm/host/wasmjit-omr/src/aot/aot-function-builder.cc:153:func_1>
Performing 30: deadTreesElimination
         No transformations done by this pass -- omitting listings
</optimization>

   </optgroup>
<optimization id=31 name=rematerialization method=/home/vm/host/wasmjit-omr/src/aot/aot-function-builder.cc:153:func_1>
Performing 31: rematerialization
         No transformations done by this pass -- omitting listings
</optimization>

<optimization id=34 name=regDepCopyRemoval method=/home/vm/host/wasmjit-omr/src/aot/aot-function-builder.cc:153:func_1>
Performing 34: regDepCopyRemoval
         No transformations done by this pass -- omitting listings
</optimization>

<trees
	title="Post Optimization Trees"
	method="/home/vm/host/wasmjit-omr/src/aot/aot-function-builder.cc:153:func_1"
	hotness="warm">

Post Optimization Trees: for /home/vm/host/wasmjit-omr/src/aot/aot-function-builder.cc:153:func_1

------------------------------------------------------------------------------------------------------------------------------------------------------------------------
n1n       BBStart <block_2> (freq 10000)                                                      [0x56543da7a690] bci=[-1,4,-] rc=0 vc=122 vn=- li=-1 udi=- nc=1
n68n        GlRegDeps                                                                         [0x56543da07c10] bci=[-1,4,-] rc=1 vc=122 vn=- li=- udi=- nc=1
n69n          iRegLoad edi   p0<parm 0 I>[#419  Parm] [flags 0x40010103 0x0 ] (cannotOverflow SeenRealReference )  [0x56543da07c50] bci=[-1,0,-] rc=3 vc=122 vn=- li=- udi=- nc=0 flg=0x9000
n5n       astore  _StackBase_2<auto slot 2>[#420  _StackBase_2] [flags 0x10007 0x0 ] (X==0 )  [0x56543da7a790] bci=[-1,0,-] rc=0 vc=122 vn=- li=-1 udi=1 nc=1 flg=0x2
n3n         aconst NULL (X==0 )                                                               [0x56543da7a710] bci=[-1,0,-] rc=1 vc=122 vn=- li=- udi=- nc=0 flg=0x2
n38n      lstore  _T4<auto slot 4>[#422  _T4] [flags 0x10004 0x0 ]                            [0x56543da7afd0] bci=[-1,0,-] rc=0 vc=122 vn=- li=-1 udi=2 nc=1
n8n         i2l                                                                               [0x56543da7a850] bci=[-1,0,-] rc=1 vc=122 vn=- li=- udi=- nc=1
n69n          ==>iRegLoad
n34n      lstore  _T3<auto slot 3>[#421  _T3] [flags 0x10004 0x0 ]                            [0x56543da7aed0] bci=[-1,0,-] rc=0 vc=122 vn=- li=-1 udi=3 nc=1
n25n        lconst 2 (highWordZero X!=0 X>=0 )                                                [0x56543da7ac90] bci=[-1,0,-] rc=1 vc=122 vn=- li=- udi=- nc=0 flg=0x4104
n60n      lstore  <temp slot 5>[#423  _T5] [flags 0x10004 0x0 ]                               [0x56543da7b550] bci=[-1,0,-] rc=0 vc=122 vn=- li=-1 udi=4 nc=1
n44n        i2l                                                                               [0x56543da7b150] bci=[-1,0,-] rc=1 vc=122 vn=- li=- udi=- nc=1
n42n          iadd                                                                            [0x56543da7b0d0] bci=[-1,0,-] rc=2 vc=122 vn=- li=- udi=- nc=2
n69n            ==>iRegLoad
n36n            iconst -2 (X!=0 X<=0 )                                                        [0x56543da7af50] bci=[-1,0,-] rc=1 vc=122 vn=- li=- udi=- nc=0 flg=0x204
n64n      ireturn                                                                             [0x56543da7b650] bci=[-1,0,-] rc=0 vc=122 vn=- li=-1 udi=- nc=1
n42n        ==>iadd
n54n      BBEnd </block_2>                                                                    [0x56543da7b3d0] bci=[-1,0,-] rc=0 vc=122 vn=- li=-1 udi=- nc=0

index:       node global index
bci=[x,y,z]: byte-code-info [callee-index, bytecode-index, line-number]
rc:          reference count
vc:          visit count
vn:          value number
li:          local index
udi:         use/def index
nc:          number of children
addr:        address size in bytes
flg:         node flags

Number of nodes = 15, symRefCount = 424
</trees>

<cfg>
         0 [0x56543da596d0] entry
                 in        = []
                 out       = [2(10000) ]
                 exception in  = []
                 exception out = []
         1 [0x56543da595e0] exit
                 in        = [2(10000) ]
                 out       = []
                 exception in  = []
                 exception out = []
         2 [0x56543da59820] BBStart at 0x56543da7a690, frequency = 10000
                 in        = [0(10000) ]
                 out       = [1(10000) ]
                 exception in  = []
                 exception out = []
<structure>
      0 [0x56543da58690] Acyclic region
         Subgraph: (* = exit edge)
               (0x56543da58760:0x56543da58630)0 --> 2(0x56543da587f0)
               (0x56543da587f0:0x56543da58570)2 --> 1(0x56543da588d0)
               (0x56543da588d0:0x56543da585d0)1 -->
         0 [0x56543da58630] Block
         2 [0x56543da58570] Block
         1 [0x56543da585d0] Block
</structure>
</cfg>
</optimize>
<codegen
	method="/home/vm/host/wasmjit-omr/src/aot/aot-function-builder.cc:153:func_1"
	hotness="warm">
<LowerTrees>
</LowerTrees>
<trees
	title="Post Lower Trees"
	method="/home/vm/host/wasmjit-omr/src/aot/aot-function-builder.cc:153:func_1"
	hotness="warm">

Post Lower Trees: for /home/vm/host/wasmjit-omr/src/aot/aot-function-builder.cc:153:func_1

------------------------------------------------------------------------------------------------------------------------------------------------------------------------
n1n       BBStart <block_2> (freq 10000)                                                      [0x56543da7a690] bci=[-1,4,-] rc=0 vc=123 vn=- li=2 udi=- nc=1
n68n        GlRegDeps                                                                         [0x56543da07c10] bci=[-1,4,-] rc=1 vc=123 vn=- li=2 udi=- nc=1
n69n          iRegLoad edi   p0<parm 0 I>[#419  Parm] [flags 0x40010103 0x0 ] (cannotOverflow SeenRealReference )  [0x56543da07c50] bci=[-1,0,-] rc=3 vc=123 vn=- li=2 udi=- nc=0 flg=0x9000
n5n       astore  _StackBase_2<auto slot 2>[#420  _StackBase_2] [flags 0x10007 0x0 ] (X==0 )  [0x56543da7a790] bci=[-1,0,-] rc=0 vc=123 vn=- li=2 udi=1 nc=1 flg=0x2
n3n         aconst NULL (X==0 )                                                               [0x56543da7a710] bci=[-1,0,-] rc=1 vc=123 vn=- li=2 udi=- nc=0 flg=0x2
n38n      lstore  _T4<auto slot 4>[#422  _T4] [flags 0x10004 0x0 ]                            [0x56543da7afd0] bci=[-1,0,-] rc=0 vc=123 vn=- li=2 udi=2 nc=1
n8n         i2l                                                                               [0x56543da7a850] bci=[-1,0,-] rc=1 vc=123 vn=- li=2 udi=- nc=1
n69n          ==>iRegLoad
n34n      lstore  _T3<auto slot 3>[#421  _T3] [flags 0x10004 0x0 ]                            [0x56543da7aed0] bci=[-1,0,-] rc=0 vc=123 vn=- li=2 udi=3 nc=1
n25n        lconst 2 (highWordZero X!=0 X>=0 )                                                [0x56543da7ac90] bci=[-1,0,-] rc=1 vc=123 vn=- li=2 udi=- nc=0 flg=0x4104
n60n      lstore  <temp slot 5>[#423  _T5] [flags 0x10004 0x0 ]                               [0x56543da7b550] bci=[-1,0,-] rc=0 vc=123 vn=- li=2 udi=4 nc=1
n44n        i2l                                                                               [0x56543da7b150] bci=[-1,0,-] rc=1 vc=123 vn=- li=2 udi=- nc=1
n42n          iadd                                                                            [0x56543da7b0d0] bci=[-1,0,-] rc=2 vc=123 vn=- li=2 udi=- nc=2
n69n            ==>iRegLoad
n36n            iconst -2 (X!=0 X<=0 )                                                        [0x56543da7af50] bci=[-1,0,-] rc=1 vc=123 vn=- li=2 udi=- nc=0 flg=0x204
n64n      ireturn                                                                             [0x56543da7b650] bci=[-1,0,-] rc=0 vc=123 vn=- li=2 udi=- nc=1
n42n        ==>iadd
n54n      BBEnd </block_2>                                                                    [0x56543da7b3d0] bci=[-1,0,-] rc=0 vc=123 vn=- li=2 udi=- nc=0

index:       node global index
bci=[x,y,z]: byte-code-info [callee-index, bytecode-index, line-number]
rc:          reference count
vc:          visit count
vn:          value number
li:          local index
udi:         use/def index
nc:          number of children
addr:        address size in bytes
flg:         node flags

Number of nodes = 15, symRefCount = 424
</trees>

<cfg>
         0 [0x56543da596d0] entry
                 in        = []
                 out       = [2(10000) ]
                 exception in  = []
                 exception out = []
         1 [0x56543da595e0] exit
                 in        = [2(10000) ]
                 out       = []
                 exception in  = []
                 exception out = []
         2 [0x56543da59820] BBStart at 0x56543da7a690, frequency = 10000
                 in        = [0(10000) ]
                 out       = [1(10000) ]
                 exception in  = []
                 exception out = []
<structure>
      0 [0x56543da58690] Acyclic region
         Subgraph: (* = exit edge)
               (0x56543da58760:0x56543da58630)0 --> 2(0x56543da587f0)
               (0x56543da587f0:0x56543da58570)2 --> 1(0x56543da588d0)
               (0x56543da588d0:0x56543da585d0)1 -->
         0 [0x56543da58630] Block
         2 [0x56543da58570] Block
         1 [0x56543da585d0] Block
</structure>
</cfg>
<trees
	title="Pre Uncommon Call Constant Node Trees"
	method="/home/vm/host/wasmjit-omr/src/aot/aot-function-builder.cc:153:func_1"
	hotness="warm">

Pre Uncommon Call Constant Node Trees: for /home/vm/host/wasmjit-omr/src/aot/aot-function-builder.cc:153:func_1

------------------------------------------------------------------------------------------------------------------------------------------------------------------------
n1n       BBStart <block_2> (freq 10000)                                                      [0x56543da7a690] bci=[-1,4,-] rc=0 vc=123 vn=- li=2 udi=- nc=1
n68n        GlRegDeps                                                                         [0x56543da07c10] bci=[-1,4,-] rc=1 vc=123 vn=- li=2 udi=- nc=1
n69n          iRegLoad edi   p0<parm 0 I>[#419  Parm] [flags 0x40010103 0x0 ] (cannotOverflow SeenRealReference )  [0x56543da07c50] bci=[-1,0,-] rc=3 vc=123 vn=- li=2 udi=- nc=0 flg=0x9000
n5n       astore  _StackBase_2<auto slot 2>[#420  _StackBase_2] [flags 0x10007 0x0 ] (X==0 )  [0x56543da7a790] bci=[-1,0,-] rc=0 vc=123 vn=- li=2 udi=1 nc=1 flg=0x2
n3n         aconst NULL (X==0 )                                                               [0x56543da7a710] bci=[-1,0,-] rc=1 vc=123 vn=- li=2 udi=- nc=0 flg=0x2
n38n      lstore  _T4<auto slot 4>[#422  _T4] [flags 0x10004 0x0 ]                            [0x56543da7afd0] bci=[-1,0,-] rc=0 vc=123 vn=- li=2 udi=2 nc=1
n8n         i2l                                                                               [0x56543da7a850] bci=[-1,0,-] rc=1 vc=123 vn=- li=2 udi=- nc=1
n69n          ==>iRegLoad
n34n      lstore  _T3<auto slot 3>[#421  _T3] [flags 0x10004 0x0 ]                            [0x56543da7aed0] bci=[-1,0,-] rc=0 vc=123 vn=- li=2 udi=3 nc=1
n25n        lconst 2 (highWordZero X!=0 X>=0 )                                                [0x56543da7ac90] bci=[-1,0,-] rc=1 vc=123 vn=- li=2 udi=- nc=0 flg=0x4104
n60n      lstore  <temp slot 5>[#423  _T5] [flags 0x10004 0x0 ]                               [0x56543da7b550] bci=[-1,0,-] rc=0 vc=123 vn=- li=2 udi=4 nc=1
n44n        i2l                                                                               [0x56543da7b150] bci=[-1,0,-] rc=1 vc=123 vn=- li=2 udi=- nc=1
n42n          iadd                                                                            [0x56543da7b0d0] bci=[-1,0,-] rc=2 vc=123 vn=- li=2 udi=- nc=2
n69n            ==>iRegLoad
n36n            iconst -2 (X!=0 X<=0 )                                                        [0x56543da7af50] bci=[-1,0,-] rc=1 vc=123 vn=- li=2 udi=- nc=0 flg=0x204
n64n      ireturn                                                                             [0x56543da7b650] bci=[-1,0,-] rc=0 vc=123 vn=- li=2 udi=- nc=1
n42n        ==>iadd
n54n      BBEnd </block_2>                                                                    [0x56543da7b3d0] bci=[-1,0,-] rc=0 vc=123 vn=- li=2 udi=- nc=0

index:       node global index
bci=[x,y,z]: byte-code-info [callee-index, bytecode-index, line-number]
rc:          reference count
vc:          visit count
vn:          value number
li:          local index
udi:         use/def index
nc:          number of children
addr:        address size in bytes
flg:         node flags

Number of nodes = 15, symRefCount = 424
</trees>

<cfg>
         0 [0x56543da596d0] entry
                 in        = []
                 out       = [2(10000) ]
                 exception in  = []
                 exception out = []
         1 [0x56543da595e0] exit
                 in        = [2(10000) ]
                 out       = []
                 exception in  = []
                 exception out = []
         2 [0x56543da59820] BBStart at 0x56543da7a690, frequency = 10000
                 in        = [0(10000) ]
                 out       = [1(10000) ]
                 exception in  = []
                 exception out = []
<structure>
      0 [0x56543da58690] Acyclic region
         Subgraph: (* = exit edge)
               (0x56543da58760:0x56543da58630)0 --> 2(0x56543da587f0)
               (0x56543da587f0:0x56543da58570)2 --> 1(0x56543da588d0)
               (0x56543da588d0:0x56543da585d0)1 -->
         0 [0x56543da58630] Block
         2 [0x56543da58570] Block
         1 [0x56543da585d0] Block
</structure>
</cfg>
Performing uncommon call constant nodes
<trees
	title="Post Uncommon Call Constant Node Trees"
	method="/home/vm/host/wasmjit-omr/src/aot/aot-function-builder.cc:153:func_1"
	hotness="warm">

Post Uncommon Call Constant Node Trees: for /home/vm/host/wasmjit-omr/src/aot/aot-function-builder.cc:153:func_1

------------------------------------------------------------------------------------------------------------------------------------------------------------------------
n1n       BBStart <block_2> (freq 10000)                                                      [0x56543da7a690] bci=[-1,4,-] rc=0 vc=123 vn=- li=2 udi=- nc=1
n68n        GlRegDeps                                                                         [0x56543da07c10] bci=[-1,4,-] rc=1 vc=123 vn=- li=2 udi=- nc=1
n69n          iRegLoad edi   p0<parm 0 I>[#419  Parm] [flags 0x40010103 0x0 ] (cannotOverflow SeenRealReference )  [0x56543da07c50] bci=[-1,0,-] rc=3 vc=123 vn=- li=2 udi=- nc=0 flg=0x9000
n5n       astore  _StackBase_2<auto slot 2>[#420  _StackBase_2] [flags 0x10007 0x0 ] (X==0 )  [0x56543da7a790] bci=[-1,0,-] rc=0 vc=123 vn=- li=2 udi=1 nc=1 flg=0x2
n3n         aconst NULL (X==0 )                                                               [0x56543da7a710] bci=[-1,0,-] rc=1 vc=123 vn=- li=2 udi=- nc=0 flg=0x2
n38n      lstore  _T4<auto slot 4>[#422  _T4] [flags 0x10004 0x0 ]                            [0x56543da7afd0] bci=[-1,0,-] rc=0 vc=123 vn=- li=2 udi=2 nc=1
n8n         i2l                                                                               [0x56543da7a850] bci=[-1,0,-] rc=1 vc=123 vn=- li=2 udi=- nc=1
n69n          ==>iRegLoad
n34n      lstore  _T3<auto slot 3>[#421  _T3] [flags 0x10004 0x0 ]                            [0x56543da7aed0] bci=[-1,0,-] rc=0 vc=123 vn=- li=2 udi=3 nc=1
n25n        lconst 2 (highWordZero X!=0 X>=0 )                                                [0x56543da7ac90] bci=[-1,0,-] rc=1 vc=123 vn=- li=2 udi=- nc=0 flg=0x4104
n60n      lstore  <temp slot 5>[#423  _T5] [flags 0x10004 0x0 ]                               [0x56543da7b550] bci=[-1,0,-] rc=0 vc=123 vn=- li=2 udi=4 nc=1
n44n        i2l                                                                               [0x56543da7b150] bci=[-1,0,-] rc=1 vc=123 vn=- li=2 udi=- nc=1
n42n          iadd                                                                            [0x56543da7b0d0] bci=[-1,0,-] rc=2 vc=123 vn=- li=2 udi=- nc=2
n69n            ==>iRegLoad
n36n            iconst -2 (X!=0 X<=0 )                                                        [0x56543da7af50] bci=[-1,0,-] rc=1 vc=123 vn=- li=2 udi=- nc=0 flg=0x204
n64n      ireturn                                                                             [0x56543da7b650] bci=[-1,0,-] rc=0 vc=123 vn=- li=2 udi=- nc=1
n42n        ==>iadd
n54n      BBEnd </block_2>                                                                    [0x56543da7b3d0] bci=[-1,0,-] rc=0 vc=123 vn=- li=2 udi=- nc=0

index:       node global index
bci=[x,y,z]: byte-code-info [callee-index, bytecode-index, line-number]
rc:          reference count
vc:          visit count
vn:          value number
li:          local index
udi:         use/def index
nc:          number of children
addr:        address size in bytes
flg:         node flags

Number of nodes = 15, symRefCount = 424
</trees>

<cfg>
         0 [0x56543da596d0] entry
                 in        = []
                 out       = [2(10000) ]
                 exception in  = []
                 exception out = []
         1 [0x56543da595e0] exit
                 in        = [2(10000) ]
                 out       = []
                 exception in  = []
                 exception out = []
         2 [0x56543da59820] BBStart at 0x56543da7a690, frequency = 10000
                 in        = [0(10000) ]
                 out       = [1(10000) ]
                 exception in  = []
                 exception out = []
<structure>
      0 [0x56543da58690] Acyclic region
         Subgraph: (* = exit edge)
               (0x56543da58760:0x56543da58630)0 --> 2(0x56543da587f0)
               (0x56543da587f0:0x56543da58570)2 --> 1(0x56543da588d0)
               (0x56543da588d0:0x56543da585d0)1 -->
         0 [0x56543da58630] Block
         2 [0x56543da58570] Block
         1 [0x56543da585d0] Block
</structure>
</cfg>
<trees
	title="Pre Instruction Selection Trees"
	method="/home/vm/host/wasmjit-omr/src/aot/aot-function-builder.cc:153:func_1"
	hotness="warm">

Pre Instruction Selection Trees: for /home/vm/host/wasmjit-omr/src/aot/aot-function-builder.cc:153:func_1

------------------------------------------------------------------------------------------------------------------------------------------------------------------------
n1n       BBStart <block_2> (freq 10000)                                                      [0x56543da7a690] bci=[-1,4,-] rc=0 vc=124 vn=- li=2 udi=- nc=1
n68n        GlRegDeps                                                                         [0x56543da07c10] bci=[-1,4,-] rc=1 vc=124 vn=- li=2 udi=- nc=1
n69n          iRegLoad edi   p0<parm 0 I>[#419  Parm] [flags 0x40010103 0x0 ] (cannotOverflow SeenRealReference )  [0x56543da07c50] bci=[-1,0,-] rc=3 vc=124 vn=- li=2 udi=- nc=0 flg=0x9000
n5n       astore  _StackBase_2<auto slot 2>[#420  _StackBase_2] [flags 0x10007 0x0 ] (X==0 )  [0x56543da7a790] bci=[-1,0,-] rc=0 vc=124 vn=- li=2 udi=- nc=1 flg=0x2
n3n         aconst NULL (X==0 )                                                               [0x56543da7a710] bci=[-1,0,-] rc=1 vc=124 vn=- li=2 udi=- nc=0 flg=0x2
n38n      lstore  _T4<auto slot 4>[#422  _T4] [flags 0x10004 0x0 ]                            [0x56543da7afd0] bci=[-1,0,-] rc=0 vc=124 vn=- li=2 udi=- nc=1
n8n         i2l                                                                               [0x56543da7a850] bci=[-1,0,-] rc=1 vc=124 vn=- li=2 udi=- nc=1
n69n          ==>iRegLoad
n34n      lstore  _T3<auto slot 3>[#421  _T3] [flags 0x10004 0x0 ]                            [0x56543da7aed0] bci=[-1,0,-] rc=0 vc=124 vn=- li=2 udi=- nc=1
n25n        lconst 2 (highWordZero X!=0 X>=0 )                                                [0x56543da7ac90] bci=[-1,0,-] rc=1 vc=124 vn=- li=2 udi=- nc=0 flg=0x4104
n60n      lstore  <temp slot 5>[#423  _T5] [flags 0x10004 0x0 ]                               [0x56543da7b550] bci=[-1,0,-] rc=0 vc=124 vn=- li=2 udi=- nc=1
n44n        i2l                                                                               [0x56543da7b150] bci=[-1,0,-] rc=1 vc=124 vn=- li=2 udi=- nc=1
n42n          iadd                                                                            [0x56543da7b0d0] bci=[-1,0,-] rc=2 vc=124 vn=- li=2 udi=- nc=2
n69n            ==>iRegLoad
n36n            iconst -2 (X!=0 X<=0 )                                                        [0x56543da7af50] bci=[-1,0,-] rc=1 vc=124 vn=- li=2 udi=- nc=0 flg=0x204
n64n      ireturn                                                                             [0x56543da7b650] bci=[-1,0,-] rc=0 vc=124 vn=- li=2 udi=- nc=1
n42n        ==>iadd
n54n      BBEnd </block_2>                                                                    [0x56543da7b3d0] bci=[-1,0,-] rc=0 vc=124 vn=- li=2 udi=- nc=0

index:       node global index
bci=[x,y,z]: byte-code-info [callee-index, bytecode-index, line-number]
rc:          reference count
vc:          visit count
vn:          value number
li:          local index
udi:         use/def index
nc:          number of children
addr:        address size in bytes
flg:         node flags

Number of nodes = 15, symRefCount = 424
</trees>

<cfg>
         0 [0x56543da596d0] entry
                 in        = []
                 out       = [2(10000) ]
                 exception in  = []
                 exception out = []
         1 [0x56543da595e0] exit
                 in        = [2(10000) ]
                 out       = []
                 exception in  = []
                 exception out = []
         2 [0x56543da59820] BBStart at 0x56543da7a690, frequency = 10000
                 in        = [0(10000) ]
                 out       = [1(10000) ]
                 exception in  = []
                 exception out = []
<structure>
      0 [0x56543da58690] Acyclic region
         Subgraph: (* = exit edge)
               (0x56543da58760:0x56543da58630)0 --> 2(0x56543da587f0)
               (0x56543da587f0:0x56543da58570)2 --> 1(0x56543da588d0)
               (0x56543da588d0:0x56543da585d0)1 -->
         0 [0x56543da58630] Block
         2 [0x56543da58570] Block
         1 [0x56543da585d0] Block
</structure>
</cfg>

Performing Instruction Selection:


============================================================
; Live regs: GPR=0 FPR=0 VRF=0 {}
------------------------------
 n1n      (  0)  BBStart <block_2> (freq 10000)                                                       [0x56543da7a690] bci=[-1,4,-] rc=0 vc=124 vn=- li=2 udi=- nc=1
 n68n     (  1)    GlRegDeps                                                                          [0x56543da07c10] bci=[-1,4,-] rc=1 vc=124 vn=- li=2 udi=- nc=1
 n69n     (  3)      iRegLoad edi   p0<parm 0 I>[#419  Parm] [flags 0x40010103 0x0 ] (cannotOverflow SeenRealReference )  [0x56543da07c50] bci=[-1,0,-] rc=3 vc=124 vn=- li=2 udi=- nc=0 flg=0x9000
------------------------------
[    67] O^O (Unknown Transformation):TREE EVALUATION: setUpperBitsAreZero on iRegLoad 0x56543da07c50
------------------------------
 n1n      (  0)  BBStart <block_2> (freq 10000)                                                       [0x56543da7a690] bci=[-1,4,-] rc=0 vc=124 vn=- li=2 udi=- nc=1
 n68n     (  1)    GlRegDeps                                                                          [0x56543da07c10] bci=[-1,4,-] rc=1 vc=124 vn=- li=2 udi=- nc=1
 n69n     (  2)      iRegLoad edi   p0<parm 0 I>[#419  Parm] [flags 0x40010103 0x0 ] (in GPR_0016) (cannotOverflow SeenRealReference )  [0x56543da07c50] bci=[-1,0,-] rc=2 vc=124 vn=- li=2 udi=61872 nc=0 flg=0x9000
------------------------------

 [0x56543d9ff550]	assocRegs                       # ASSOCREGS
	POST: None
 [0x56543d9ff310]	Label L0016:			# LABEL
	 PRE: [GPR_0016 : edi]
	POST: [GPR_0016 : edi]
========================================
 [0x56543d9ff5c0]	Fence Relative [ 0x56543da598c0 ]	# FENCE BBStart <block_2> (frequency 10000)

============================================================
; Live regs: GPR=1 FPR=0 VRF=0 {GPR_0016}
------------------------------
 n5n      (  0)  astore  _StackBase_2<auto slot 2>[#420  _StackBase_2] [flags 0x10007 0x0 ] (X==0 )   [0x56543da7a790] bci=[-1,0,-] rc=0 vc=124 vn=- li=2 udi=- nc=1 flg=0x2
 n3n      (  1)    aconst NULL (X==0 )                                                                [0x56543da7a710] bci=[-1,0,-] rc=1 vc=124 vn=- li=2 udi=- nc=0 flg=0x2
------------------------------
------------------------------
 n5n      (  0)  astore  _StackBase_2<auto slot 2>[#420  _StackBase_2] [flags 0x10007 0x0 ] (X==0 )   [0x56543da7a790] bci=[-1,0,-] rc=0 vc=124 vn=- li=2 udi=- nc=1 flg=0x2
 n3n      (  0)    aconst NULL (X==0 )                                                                [0x56543da7a710] bci=[-1,0,-] rc=0 vc=124 vn=- li=2 udi=- nc=0 flg=0x2
------------------------------

 [0x56543d9ff960]	mov	qword ptr [vfp], 0x00000000	# S8MemImm4, SymRef  _StackBase_2<auto slot 2>[#424  _StackBase_2] [flags 0x10007 0x0 ]

============================================================
; Live regs: GPR=1 FPR=0 VRF=0 {GPR_0016}
------------------------------
 n38n     (  0)  lstore  _T4<auto slot 4>[#422  _T4] [flags 0x10004 0x0 ]                             [0x56543da7afd0] bci=[-1,0,-] rc=0 vc=124 vn=- li=2 udi=- nc=1
 n8n      (  1)    i2l                                                                                [0x56543da7a850] bci=[-1,0,-] rc=1 vc=124 vn=- li=2 udi=- nc=1
 n69n     (  2)      ==>iRegLoad (in GPR_0016) (cannotOverflow SeenRealReference )
------------------------------
[    68] O^O LAZY CLOBBERING: setParentSupportsLazyClobber(0x56543da7a850)
------------------------------
 n38n     (  0)  lstore  _T4<auto slot 4>[#422  _T4] [flags 0x10004 0x0 ]                             [0x56543da7afd0] bci=[-1,0,-] rc=0 vc=124 vn=- li=2 udi=- nc=1
 n8n      (  0)    i2l (in GPR_0032) (lazyClobber )                                                   [0x56543da7a850] bci=[-1,0,-] rc=0 vc=124 vn=- li=2 udi=64640 nc=1 flg=0x2000
 n69n     (  1)      ==>iRegLoad (in GPR_0016) (cannotOverflow SeenRealReference )
------------------------------

 [0x56543d9ffd40]	movsxd	GPR_0032, GPR_0016		# MOVSXReg8Reg4
 [0x56543d9ffe50]	mov	qword ptr [vfp], GPR_0032		# S8MemReg, SymRef  _T4<auto slot 4>[#425  _T4] [flags 0x10004 0x0 ]

============================================================
; Live regs: GPR=1 FPR=0 VRF=0 {GPR_0016}
------------------------------
 n34n     (  0)  lstore  _T3<auto slot 3>[#421  _T3] [flags 0x10004 0x0 ]                             [0x56543da7aed0] bci=[-1,0,-] rc=0 vc=124 vn=- li=2 udi=- nc=1
 n25n     (  1)    lconst 2 (highWordZero X!=0 X>=0 )                                                 [0x56543da7ac90] bci=[-1,0,-] rc=1 vc=124 vn=- li=2 udi=- nc=0 flg=0x4104
------------------------------
------------------------------
 n34n     (  0)  lstore  _T3<auto slot 3>[#421  _T3] [flags 0x10004 0x0 ]                             [0x56543da7aed0] bci=[-1,0,-] rc=0 vc=124 vn=- li=2 udi=- nc=1
 n25n     (  0)    lconst 2 (highWordZero X!=0 X>=0 )                                                 [0x56543da7ac90] bci=[-1,0,-] rc=0 vc=124 vn=- li=2 udi=- nc=0 flg=0x4104
------------------------------

 [0x56543da00250]	mov	qword ptr [vfp], 0x00000002	# S8MemImm4, SymRef  _T3<auto slot 3>[#426  _T3] [flags 0x10004 0x0 ]

============================================================
; Live regs: GPR=1 FPR=0 VRF=0 {GPR_0016}
------------------------------
 n60n     (  0)  lstore  <temp slot 5>[#423  _T5] [flags 0x10004 0x0 ]                                [0x56543da7b550] bci=[-1,0,-] rc=0 vc=124 vn=- li=2 udi=- nc=1
 n44n     (  1)    i2l                                                                                [0x56543da7b150] bci=[-1,0,-] rc=1 vc=124 vn=- li=2 udi=- nc=1
 n42n     (  2)      iadd                                                                             [0x56543da7b0d0] bci=[-1,0,-] rc=2 vc=124 vn=- li=2 udi=- nc=2
 n69n     (  1)        ==>iRegLoad (in GPR_0016) (cannotOverflow SeenRealReference )
 n36n     (  1)        iconst -2 (X!=0 X<=0 )                                                         [0x56543da7af50] bci=[-1,0,-] rc=1 vc=124 vn=- li=2 udi=- nc=0 flg=0x204
------------------------------
[    69] O^O LAZY CLOBBERING: setParentSupportsLazyClobber(0x56543da7b150)
[    70] O^O analyseAddForLEA
[    71] O^O analyseAddForLEA: checking that second node is a memory reference fffffffe
------------------------------
 n60n     (  0)  lstore  <temp slot 5>[#423  _T5] [flags 0x10004 0x0 ]                                [0x56543da7b550] bci=[-1,0,-] rc=0 vc=124 vn=- li=2 udi=- nc=1
 n44n     (  0)    i2l (in GPR_0048) (lazyClobber )                                                   [0x56543da7b150] bci=[-1,0,-] rc=0 vc=124 vn=- li=2 udi=1664 nc=1 flg=0x2000
 n42n     (  1)      iadd (in GPR_0016)                                                               [0x56543da7b0d0] bci=[-1,0,-] rc=1 vc=124 vn=- li=2 udi=61872 nc=2
 n69n     (  0)        ==>iRegLoad (in GPR_0016) (cannotOverflow SeenRealReference )
 n36n     (  0)        iconst -2 (X!=0 X<=0 )                                                         [0x56543da7af50] bci=[-1,0,-] rc=0 vc=124 vn=- li=2 udi=- nc=0 flg=0x204
------------------------------

 [0x56543da00600]	add	GPR_0016, 0xfffffffffffffffe	# ADD4RegImms
 [0x56543da00700]	movsxd	GPR_0048, GPR_0016		# MOVSXReg8Reg4
 [0x56543da00810]	mov	qword ptr [vfp], GPR_0048		# S8MemReg, SymRef  <temp slot 5>[#427  _T5] [flags 0x10004 0x0 ]

============================================================
; Live regs: GPR=1 FPR=0 VRF=0 {GPR_0016}
------------------------------
 n64n     (  0)  ireturn                                                                              [0x56543da7b650] bci=[-1,0,-] rc=0 vc=124 vn=- li=2 udi=- nc=1
 n42n     (  1)    ==>iadd (in GPR_0016)
------------------------------
------------------------------
 n64n     (  0)  ireturn                                                                              [0x56543da7b650] bci=[-1,0,-] rc=0 vc=124 vn=- li=2 udi=- nc=1
 n42n     (  0)    ==>iadd (in GPR_0016)
------------------------------

 [0x56543da00dc0]	assocRegs                       # ASSOCREGS
	POST: [GPR_0016 : edi]
 [0x56543da00ba0]	ret                             # RET
	 PRE: [GPR_0016 : eax]

============================================================
; Live regs: GPR=0 FPR=0 VRF=0 {}
------------------------------
 n54n     (  0)  BBEnd </block_2>                                                                     [0x56543da7b3d0] bci=[-1,0,-] rc=0 vc=124 vn=- li=2 udi=- nc=0
------------------------------
------------------------------
 n54n     (  0)  BBEnd </block_2>                                                                     [0x56543da7b3d0] bci=[-1,0,-] rc=0 vc=124 vn=- li=2 udi=- nc=0
------------------------------

 [0x56543da00ef0]	Fence Relative [ 0x56543da598c4 ]	# FENCE BBEnd </block_2>
 [0x56543da01120]	assocRegs                       # ASSOCREGS
	POST: [GPR_0016 : eax] [GPR_0016 : edi]
 [0x56543da011f0]	Label L0032:			# LABEL

============================================================

<instructions
	title="Post Instruction Selection Instructions"
	method="/home/vm/host/wasmjit-omr/src/aot/aot-function-builder.cc:153:func_1"
	hotness="warm">

                +--------------------------------------- instruction address
                |       +------------------------------------------ 
                |       |       +----------------------------------------- instruction
                |       |       |
                V       V       V
 [0x56543d9fef80]	.int	0x00000000		# DDImm4
 [0x56543d9ff000]	ProcEntry                       # PROCENTRY
 [0x56543d9ff550]	assocRegs                       # ASSOCREGS
	POST: None
 [0x56543d9ff310]	Label L0016:			# LABEL
	 PRE: [GPR_0016 : edi]
	POST: [GPR_0016 : edi]
========================================
 [0x56543d9ff5c0]	Fence Relative [ 0x56543da598c0 ]	# FENCE BBStart <block_2> (frequency 10000)
 [0x56543d9ff960]	mov	qword ptr [vfp], 0x00000000	# S8MemImm4, SymRef  _StackBase_2<auto slot 2>[#424  _StackBase_2] [flags 0x10007 0x0 ]
 [0x56543d9ffd40]	movsxd	GPR_0032, GPR_0016		# MOVSXReg8Reg4
 [0x56543d9ffe50]	mov	qword ptr [vfp], GPR_0032		# S8MemReg, SymRef  _T4<auto slot 4>[#425  _T4] [flags 0x10004 0x0 ]
 [0x56543da00250]	mov	qword ptr [vfp], 0x00000002	# S8MemImm4, SymRef  _T3<auto slot 3>[#426  _T3] [flags 0x10004 0x0 ]
 [0x56543da00600]	add	GPR_0016, 0xfffffffffffffffe	# ADD4RegImms
 [0x56543da00700]	movsxd	GPR_0048, GPR_0016		# MOVSXReg8Reg4
 [0x56543da00810]	mov	qword ptr [vfp], GPR_0048		# S8MemReg, SymRef  <temp slot 5>[#427  _T5] [flags 0x10004 0x0 ]
 [0x56543da00dc0]	assocRegs                       # ASSOCREGS
	POST: [GPR_0016 : edi]
 [0x56543da00ba0]	ret                             # RET
	 PRE: [GPR_0016 : eax]
 [0x56543da00ef0]	Fence Relative [ 0x56543da598c4 ]	# FENCE BBEnd </block_2>
 [0x56543da01120]	assocRegs                       # ASSOCREGS
	POST: [GPR_0016 : eax] [GPR_0016 : edi]
 [0x56543da011f0]	Label L0032:			# LABEL
</instructions>

<instructions
	title="Post Register Assignment Instructions"
	method="/home/vm/host/wasmjit-omr/src/aot/aot-function-builder.cc:153:func_1"
	hotness="warm">

                +--------------------------------------- instruction address
                |       +------------------------------------------ 
                |       |       +----------------------------------------- instruction
                |       |       |
                V       V       V
 [0x56543d9fef80]	.int	0x00000000		# DDImm4
 [0x56543d9ff000]	ProcEntry                       # PROCENTRY
 [0x56543d9ff550]	assocRegs                       # ASSOCREGS
 [0x56543d9ff310]	Label L0016:			# LABEL
 [0x56543da019e0]	mov	rax, rdi		# MOV8RegReg
========================================
 [0x56543d9ff5c0]	Fence Relative [ 0x56543da598c0 ]	# FENCE BBStart <block_2> (frequency 10000)
 [0x56543d9ff960]	mov	qword ptr [vfp], 0x00000000	# S8MemImm4, SymRef  _StackBase_2<auto slot 2>[#424  _StackBase_2] [flags 0x10007 0x0 ]
 [0x56543d9ffd40]	movsxd	rcx, eax		# MOVSXReg8Reg4
 [0x56543d9ffe50]	mov	qword ptr [vfp], rcx		# S8MemReg, SymRef  _T4<auto slot 4>[#425  _T4] [flags 0x10004 0x0 ]
 [0x56543da00250]	mov	qword ptr [vfp], 0x00000002	# S8MemImm4, SymRef  _T3<auto slot 3>[#426  _T3] [flags 0x10004 0x0 ]
 [0x56543da00600]	add	eax, 0xfffffffffffffffe	# ADD4RegImms
 [0x56543da00700]	movsxd	rcx, eax		# MOVSXReg8Reg4
 [0x56543da00810]	mov	qword ptr [vfp], rcx		# S8MemReg, SymRef  <temp slot 5>[#427  _T5] [flags 0x10004 0x0 ]
 [0x56543da00dc0]	assocRegs                       # ASSOCREGS
 [0x56543da00ba0]	ret                             # RET
 [0x56543da00ef0]	Fence Relative [ 0x56543da598c4 ]	# FENCE BBEnd </block_2>
 [0x56543da01120]	assocRegs                       # ASSOCREGS
 [0x56543da011f0]	Label L0032:			# LABEL
</instructions>
layout param symbol 0x56543da7b870 in register
mapIncomingParms no need to set parm 0x56543da7b870, for it has got register 5 assigned

<instructions
	title="Post Stack Map"
	method="/home/vm/host/wasmjit-omr/src/aot/aot-function-builder.cc:153:func_1"
	hotness="warm">

 [0x56543d9fef80]	.int	0x00000000		# DDImm4
 [0x56543d9ff000]	ProcEntry                       # PROCENTRY
 [0x56543d9ff550]	assocRegs                       # ASSOCREGS
 [0x56543d9ff310]	Label L0016:			# LABEL
 [0x56543da019e0]	mov	rax, rdi		# MOV8RegReg
========================================
 [0x56543d9ff5c0]	Fence Relative [ 0x56543da598c0 ]	# FENCE BBStart <block_2> (frequency 10000)
 [0x56543d9ff960]	mov	qword ptr [vfp-0x20], 0x00000000	# S8MemImm4, SymRef  _StackBase_2<auto slot 2>[#424  _StackBase_2] [flags 0x10007 0x0 ]
 [0x56543d9ffd40]	movsxd	rcx, eax		# MOVSXReg8Reg4
 [0x56543d9ffe50]	mov	qword ptr [vfp-0x10], rcx		# S8MemReg, SymRef  _T4<auto slot 4>[#425  _T4] [flags 0x10004 0x0 ]
 [0x56543da00250]	mov	qword ptr [vfp-0x18], 0x00000002	# S8MemImm4, SymRef  _T3<auto slot 3>[#426  _T3] [flags 0x10004 0x0 ]
 [0x56543da00600]	add	eax, 0xfffffffffffffffe	# ADD4RegImms
 [0x56543da00700]	movsxd	rcx, eax		# MOVSXReg8Reg4
 [0x56543da00810]	mov	qword ptr [vfp-0x8], rcx		# S8MemReg, SymRef  <temp slot 5>[#427  _T5] [flags 0x10004 0x0 ]
 [0x56543da00dc0]	assocRegs                       # ASSOCREGS
 [0x56543da00ba0]	ret                             # RET
 [0x56543da00ef0]	Fence Relative [ 0x56543da598c4 ]	# FENCE BBEnd </block_2>
 [0x56543da01120]	assocRegs                       # ASSOCREGS
 [0x56543da011f0]	Label L0032:			# LABEL
</instructions>

<instructions
	title="Post Peephole Instructions"
	method="/home/vm/host/wasmjit-omr/src/aot/aot-function-builder.cc:153:func_1"
	hotness="warm">

 [0x56543d9fef80]	.int	0x00000000		# DDImm4
 [0x56543d9ff000]	ProcEntry                       # PROCENTRY
 [0x56543d9ff550]	assocRegs                       # ASSOCREGS
 [0x56543d9ff310]	Label L0016:			# LABEL
 [0x56543da019e0]	mov	rax, rdi		# MOV8RegReg
========================================
 [0x56543d9ff5c0]	Fence Relative [ 0x56543da598c0 ]	# FENCE BBStart <block_2> (frequency 10000)
 [0x56543d9ff960]	mov	qword ptr [vfp-0x20], 0x00000000	# S8MemImm4, SymRef  _StackBase_2<auto slot 2>[#424  _StackBase_2 -32] [flags 0x10007 0x0 ]
 [0x56543d9ffd40]	movsxd	rcx, eax		# MOVSXReg8Reg4
 [0x56543d9ffe50]	mov	qword ptr [vfp-0x10], rcx		# S8MemReg, SymRef  _T4<auto slot 4>[#425  _T4 -16] [flags 0x10004 0x0 ]
 [0x56543da00250]	mov	qword ptr [vfp-0x18], 0x00000002	# S8MemImm4, SymRef  _T3<auto slot 3>[#426  _T3 -24] [flags 0x10004 0x0 ]
 [0x56543da00600]	add	eax, 0xfffffffffffffffe	# ADD4RegImms
 [0x56543da00700]	movsxd	rcx, eax		# MOVSXReg8Reg4
 [0x56543da00810]	mov	qword ptr [vfp-0x8], rcx		# S8MemReg, SymRef  <temp slot 5>[#427  _T5 -8] [flags 0x10004 0x0 ]
 [0x56543da00dc0]	assocRegs                       # ASSOCREGS
 [0x56543da00ba0]	ret                             # RET
 [0x56543da00ef0]	Fence Relative [ 0x56543da598c4 ]	# FENCE BBEnd </block_2>
 [0x56543da01120]	assocRegs                       # ASSOCREGS
 [0x56543da011f0]	Label L0032:			# LABEL
</instructions>
<proepilogue>
create prologue using system linkage, after savePreservedRegisters, cursor is 0x56543da02ba0.
create prologue using system linkage, after copyParametersToHomeLocation, cursor is 0x56543da02ba0.
reg 16, getHasBeenAssignedInMethod 0
reg 15, getHasBeenAssignedInMethod 0
reg 14, getHasBeenAssignedInMethod 0
reg 13, getHasBeenAssignedInMethod 0
reg 2, getHasBeenAssignedInMethod 0
create epilogue using system linkage, after restorePreservedRegisters, cursor is 3da00dc0.
create epilogue using system linkage, after delocating stack frame, cursor is 3da02c20.
</proepilogue>
<encode>
</encode>

<instructions
	title="Post Binary Instructions"
	method="/home/vm/host/wasmjit-omr/src/aot/aot-function-builder.cc:153:func_1"
	hotness="warm">

                 +--------------------------------------- instruction address
                 |        +----------------------------------------- instruction offset from start of method
                 |        |                   +------------------------------------------ corresponding TR::Instruction instance
                 |        |                   |  +-------------------------------------------------- code bytes
                 |        |                   |  |                          +-------------------------------------- opcode and operands
                 |        |                   |  |                          |				+----------- additional information
                 |        |                   |  |                          |				|
                 V        V                   V  V                          V				V
0x7f4b0e565090 fffffffc [0x56543d9fef80] 00 00 00 00                        .int	0x00000000		# DDImm4
0x7f4b0e565094 00000000 [0x56543da02a90]                                    nop (0 bytes)		# Align patchable code @32 [0x0:2]
0x7f4b0e565094 00000000 [0x56543d9ff000]                                    ProcEntry                       # PROCENTRY
0x7f4b0e565094 00000000 [0x56543da02ba0] 48 83 ec 20                        sub	rsp, 0x00000020	# SUB8RegImms
0x7f4b0e565098 00000004 [0x56543da02b20]                                    vfpSave			# AdjustFramePtr
0x7f4b0e565098 00000004 [0x56543d9ff550]                                    assocRegs                       # ASSOCREGS
0x7f4b0e565098 00000004 [0x56543d9ff310]                                    Label L0016:			# LABEL
0x7f4b0e565098 00000004 [0x56543da019e0] 48 8b c7                           mov	rax, rdi		# MOV8RegReg
========================================
0x7f4b0e56509b 00000007 [0x56543d9ff5c0]                                    Fence Relative [ 0x56543da598c0 ]	# FENCE BBStart <block_2> (frequency 10000)
0x7f4b0e56509b 00000007 [0x56543d9ff960] 48 c7 04 24 00 00 00 00            mov	qword ptr [rsp], 0x00000000	# S8MemImm4, SymRef  _StackBase_2<auto slot 2>[#424  _StackBase_2] [flags 0x10007 0x0 ]
0x7f4b0e5650a3 0000000f [0x56543d9ffd40] 48 63 c8                           movsxd	rcx, eax		# MOVSXReg8Reg4
0x7f4b0e5650a6 00000012 [0x56543d9ffe50] 48 89 4c 24 10                     mov	qword ptr [rsp+0x10], rcx		# S8MemReg, SymRef  _T4<auto slot 4>[#425  _T4 +16] [flags 0x10004 0x0 ]
0x7f4b0e5650ab 00000017 [0x56543da00250] 48 c7 44 24 08 02 00 00 00         mov	qword ptr [rsp+0x8], 0x00000002	# S8MemImm4, SymRef  _T3<auto slot 3>[#426  _T3 +8] [flags 0x10004 0x0 ]
0x7f4b0e5650b4 00000020 [0x56543da00600] 83 c0 fe                           add	eax, 0xfffffffffffffffe	# ADD4RegImms
0x7f4b0e5650b7 00000023 [0x56543da00700] 48 63 c8                           movsxd	rcx, eax		# MOVSXReg8Reg4
0x7f4b0e5650ba 00000026 [0x56543da00810] 48 89 4c 24 18                     mov	qword ptr [rsp+0x18], rcx		# S8MemReg, SymRef  <temp slot 5>[#427  _T5 +24] [flags 0x10004 0x0 ]
0x7f4b0e5650bf 0000002b [0x56543da00dc0]                                    assocRegs                       # ASSOCREGS
0x7f4b0e5650bf 0000002b [0x56543da02c20] 48 83 c4 20                        add	rsp, 0x00000020	# ADD8RegImms
0x7f4b0e5650c3 0000002f [0x56543da00ba0] c3                                 ret                             # RET
0x7f4b0e5650c4 00000030 [0x56543da00ef0]                                    Fence Relative [ 0x56543da598c4 ]	# FENCE BBEnd </block_2>
0x7f4b0e5650c4 00000030 [0x56543da01120]                                    assocRegs                       # ASSOCREGS
0x7f4b0e5650c4 00000030 [0x56543da011f0]                                    Label L0032:			# LABEL
</instructions>
<snippets>
</snippets>

<atlas>

Internal stack atlas:
  numberOfMaps=0
  numberOfSlotsMapped=0
  numberOfParmSlots=0
  parmBaseOffset=16
  localBaseOffset=0

  Locals information : 
  Local [0x56543da7b870] (GC map index :  -1, Offset :   0, Size : 4) is an uninitialized uncollected parm 
  Local [0x56543da5c2b0] (GC map index :  -1, Offset :  -8, Size : 8) is an uninitialized uncollected auto 
  Local [0x56543da5b350] (GC map index :  -1, Offset : -16, Size : 8) is an uninitialized uncollected auto 
  Local [0x56543da5b1f0] (GC map index :  -1, Offset : -24, Size : 8) is an uninitialized uncollected auto 
  Local [0x56543da59b80] (GC map index :  -1, Offset : -32, Size : 8) is an uninitialized uncollected auto 

  No internal pointers in this method


</atlas>

<instructions
	title="Post Relocation Instructions"
	method="/home/vm/host/wasmjit-omr/src/aot/aot-function-builder.cc:153:func_1"
	hotness="warm">

                 +--------------------------------------- instruction address
                 |        +----------------------------------------- instruction offset from start of method
                 |        |                   +------------------------------------------ corresponding TR::Instruction instance
                 |        |                   |  +-------------------------------------------------- code bytes
                 |        |                   |  |                          +-------------------------------------- opcode and operands
                 |        |                   |  |                          |				+----------- additional information
                 |        |                   |  |                          |				|
                 V        V                   V  V                          V				V
0x7f4b0e565090 fffffffc [0x56543d9fef80] 00 00 00 00                        .int	0x00000000		# DDImm4
0x7f4b0e565094 00000000 [0x56543da02a90]                                    nop (0 bytes)		# Align patchable code @32 [0x0:2]
0x7f4b0e565094 00000000 [0x56543d9ff000]                                    ProcEntry                       # PROCENTRY
0x7f4b0e565094 00000000 [0x56543da02ba0] 48 83 ec 20                        sub	rsp, 0x00000020	# SUB8RegImms
0x7f4b0e565098 00000004 [0x56543da02b20]                                    vfpSave			# AdjustFramePtr
0x7f4b0e565098 00000004 [0x56543d9ff550]                                    assocRegs                       # ASSOCREGS
0x7f4b0e565098 00000004 [0x56543d9ff310]                                    Label L0016:			# LABEL
0x7f4b0e565098 00000004 [0x56543da019e0] 48 8b c7                           mov	rax, rdi		# MOV8RegReg
========================================
0x7f4b0e56509b 00000007 [0x56543d9ff5c0]                                    Fence Relative [ 0x56543da598c0 ]	# FENCE BBStart <block_2> (frequency 10000)
0x7f4b0e56509b 00000007 [0x56543d9ff960] 48 c7 04 24 00 00 00 00            mov	qword ptr [rsp], 0x00000000	# S8MemImm4, SymRef  _StackBase_2<auto slot 2>[#424  _StackBase_2] [flags 0x10007 0x0 ]
0x7f4b0e5650a3 0000000f [0x56543d9ffd40] 48 63 c8                           movsxd	rcx, eax		# MOVSXReg8Reg4
0x7f4b0e5650a6 00000012 [0x56543d9ffe50] 48 89 4c 24 10                     mov	qword ptr [rsp+0x10], rcx		# S8MemReg, SymRef  _T4<auto slot 4>[#425  _T4 +16] [flags 0x10004 0x0 ]
0x7f4b0e5650ab 00000017 [0x56543da00250] 48 c7 44 24 08 02 00 00 00         mov	qword ptr [rsp+0x8], 0x00000002	# S8MemImm4, SymRef  _T3<auto slot 3>[#426  _T3 +8] [flags 0x10004 0x0 ]
0x7f4b0e5650b4 00000020 [0x56543da00600] 83 c0 fe                           add	eax, 0xfffffffffffffffe	# ADD4RegImms
0x7f4b0e5650b7 00000023 [0x56543da00700] 48 63 c8                           movsxd	rcx, eax		# MOVSXReg8Reg4
0x7f4b0e5650ba 00000026 [0x56543da00810] 48 89 4c 24 18                     mov	qword ptr [rsp+0x18], rcx		# S8MemReg, SymRef  <temp slot 5>[#427  _T5 +24] [flags 0x10004 0x0 ]
0x7f4b0e5650bf 0000002b [0x56543da00dc0]                                    assocRegs                       # ASSOCREGS
0x7f4b0e5650bf 0000002b [0x56543da02c20] 48 83 c4 20                        add	rsp, 0x00000020	# ADD8RegImms
0x7f4b0e5650c3 0000002f [0x56543da00ba0] c3                                 ret                             # RET
0x7f4b0e5650c4 00000030 [0x56543da00ef0]                                    Fence Relative [ 0x56543da598c4 ]	# FENCE BBEnd </block_2>
0x7f4b0e5650c4 00000030 [0x56543da01120]                                    assocRegs                       # ASSOCREGS
0x7f4b0e5650c4 00000030 [0x56543da011f0]                                    Label L0032:			# LABEL
</instructions>
<snippets>
</snippets>
</codegen>
<result success="true" startPC="0x7f4b0e565094" time="39.473ms"/>
